seed,method,frac,nrmse,clf_acc,clf_f1,cov_relerr,prec_relerr
123,mean,0.3,1.0002583976353119,0.707471788779787,0.5918629938534338,0.4526630987824617,0.42884522336396963
123,median,0.3,1.0187627724787407,0.7180322255443776,0.6037592237199648,0.4477171730498149,0.43614804812897834
123,knn_k10,0.3,0.9169824166436459,0.7246801070486444,0.6248653066021409,0.3473814281135344,0.3798905019076352
123,softimpute,0.3,0.8659688725107302,0.7168553791178626,0.6135785324181277,0.28993418425107315,0.8486048671641557
123,masked_nmf,0.3,0.9998446731171335,0.3351586695820014,0.26436505101199365,0.7823908839515111,703.2051451146233
123,mice,0.3,0.8036891923946632,0.7107957295319205,0.6003787501938013,0.2235963045256805,1.0195784729025594
123,iterativesvd,0.3,0.8853478115429794,0.7221339714932291,0.625379734040226,0.2865929385299544,0.9769320770702467
123,missforest,0.3,0.7817788678412418,0.7772783704732446,0.6792423409623909,0.23243882700319024,0.7040379110585903
123,pica,0.3,0.8083960472493925,0.7166589192218888,0.6149427773727638,0.2548650875628613,0.7144417110848116
456,mean,0.3,1.0001241731974724,0.7190084035863974,0.5937692415768984,0.45318461000313465,0.4432598841197202
456,median,0.3,1.0261355110384547,0.7236979988637081,0.5904381921793431,0.4485355272636038,0.45310381467143385
456,knn_k10,0.3,0.8960783207313612,0.7395376018884636,0.6343050277276692,0.34680713933927504,0.3405072879613392
456,softimpute,0.3,0.926997874354546,0.7100125680770842,0.604082892776011,0.3168994252185236,0.5139737114935826
456,masked_nmf,0.3,0.9961894550654262,0.31403760475788756,0.23275403418335605,0.7832566485838026,913.3431495813777
456,mice,0.3,0.9433408255213946,0.7141185225144572,0.6121983167346738,0.2526900543705434,0.6920633155877677
456,iterativesvd,0.3,0.9978205565835905,0.7072753288838133,0.6047220132120545,0.38274371006127283,0.56955193892627
456,missforest,0.3,0.7121381135178249,0.7757135779230344,0.6845398926255211,0.22038566663483994,0.5128095878010285
456,pica,0.3,0.8856296966861069,0.719205054777304,0.6135470257121318,0.28781683494411986,0.5741779609012451
789,mean,0.3,1.0004125328112332,0.7152917343372491,0.5914573276307534,0.4011184742097522,0.4192183870274017
789,median,0.3,1.0230308235794496,0.7231122537795096,0.600928563279741,0.3964175409495078,0.42964543200054617
789,knn_k10,0.3,0.8728094350780182,0.7221376060969521,0.6138661999022353,0.28045457059741297,0.3160585679915642
789,softimpute,0.3,0.9089544381287002,0.7188125175752219,0.6272510589076377,0.23691805135518262,0.547171434641299
789,masked_nmf,0.3,1.0058988487224385,0.31833925391150314,0.2376011312890316,0.7651120591302297,149.4436870505589
789,mice,0.3,0.8787832632611534,0.7123586091328027,0.6161585621592405,0.22152274147172654,0.7547981768514742
789,iterativesvd,0.3,0.9318134235381456,0.7160720263680935,0.614937178120547,0.3055800026515515,0.5476307232232537
789,missforest,0.3,0.761961075456988,0.7774729174198904,0.6860534547523982,0.16913859807491563,0.4540329100899369
789,pica,0.3,0.8335284347302014,0.7164664765195035,0.6215455911916088,0.22759116898704934,0.596389049273408
1024,mean,0.3,1.000351244554202,0.7217462166644668,0.598681065361436,0.37851399278711867,0.44336096658591234
1024,median,0.3,1.0288962428078605,0.7246789592790477,0.593573280789162,0.3739910827393341,0.4560975727217521
1024,knn_k10,0.3,0.8464697029365179,0.7358238020633071,0.6320974917247061,0.24453167632755582,0.30044876459603687
1024,softimpute,0.3,0.927117988528149,0.7172500205642053,0.6178268963728503,0.2578787657785403,0.3295292761483168
1024,masked_nmf,0.3,1.0020960213458447,0.3234248296996861,0.24844669782872822,0.784278345639381,1129.5725373956193
1024,mice,0.3,0.9331778496185372,0.7233092875602818,0.6199758988540645,0.1849391043819268,0.45931867593606956
1024,iterativesvd,0.3,0.9291866410797796,0.7201833370635845,0.6086155784106883,0.3132478162027022,0.30839314832609704
1024,missforest,0.3,0.703095133784297,0.7841221379886868,0.6879014768171479,0.13712335891998384,0.23430932216389966
1024,pica,0.3,0.907566357513991,0.7254613555541527,0.6122411400184424,0.2141745606596024,0.2940736957385258
1337,mean,0.3,1.0002652385247086,0.7182269637859563,0.6073974975850904,0.4701381057433464,0.43577957695702224
1337,median,0.3,1.0228012032270035,0.723309096265349,0.5999296361432193,0.46646738742695243,0.4472578487084587
1337,knn_k10,0.3,0.8537250724859912,0.7393440114164817,0.641721370237877,0.3586350196289135,0.3318232280581909
1337,softimpute,0.3,0.8418705953275596,0.7190072558168007,0.6231937764209845,0.28764282487433934,0.6855745667955522
1337,masked_nmf,0.3,0.9707324845262341,0.335937048663518,0.2608261199012713,0.7699844834046777,636.2807369511548
1337,mice,0.3,0.8598465448517463,0.7244800125489477,0.6337806636622136,0.26263748866091496,0.7423418591229629
1337,iterativesvd,0.3,0.850752311831662,0.7291759205590403,0.6315598215133864,0.3182073753487049,0.6665826803270214
1337,missforest,0.3,0.750895644568438,0.7837315137359326,0.7038685661719504,0.23387492629927914,0.6383800475601965
1337,pica,0.3,0.8210898402526303,0.7211572195664109,0.6214330934495711,0.2855316113494904,0.5498235496928965
2024,mean,0.3,1.000172173510236,0.7158811140251706,0.6015932345793333,0.4292670833637029,0.43457040235726646
2024,median,0.3,1.0226373159700284,0.7145120161912032,0.5920685868599059,0.42446582374434094,0.4444301178935132
2024,knn_k10,0.3,0.9119736645127674,0.7330865628700362,0.622896252272797,0.31738337270608835,0.3100983782093248
2024,softimpute,0.3,0.8717363380858885,0.7109973543910796,0.6087251244126242,0.27239435581486504,0.44366545849843214
2024,masked_nmf,0.3,1.0047790934616958,0.3283110761679034,0.25092396957825747,0.781191743837911,499.3004506916115
2024,mice,0.3,0.9968964903480227,0.7211631497093274,0.6173407794795353,0.28096164244704647,0.5105451799869298
2024,iterativesvd,0.3,0.939350978704519,0.7162734599323198,0.6087245804650883,0.3027181653490274,0.45055355069849656
2024,missforest,0.3,0.7825052251600324,0.7764988436221313,0.6767793343458559,0.20317189146461795,0.3801489902085087
2024,pica,0.3,0.8201258963100698,0.7168611179658463,0.6109208741363806,0.2579197585878671,0.4721588575442583
7,mean,0.3,1.0003536284456889,0.7104010880855778,0.5956905374820486,0.40467187919860975,0.4243053453895101
7,median,0.3,1.030231564785273,0.7213529142826536,0.5964593671086151,0.40022278497681635,0.43437522176240906
7,knn_k10,0.3,0.9184600928836272,0.7281972556828943,0.6268021839193739,0.2921207646234164,0.32701362672792
7,softimpute,0.3,0.8766128268007284,0.7074696845355264,0.6034135605475313,0.24448667802028923,0.4832073598201602
7,masked_nmf,0.3,0.997104484826826,0.3420007154430486,0.26547207958237184,0.7803117835800536,812.9668590360396
7,mice,0.3,0.8683081394341424,0.7070786776929066,0.601685161810865,0.20314755660117098,0.5187389143900375
7,iterativesvd,0.3,0.9211323739157915,0.7133367001241504,0.6060993332843296,0.29651750445076097,0.5213688722543907
7,missforest,0.3,0.6674956103674805,0.7671102796158032,0.6728436600777425,0.15842866809485567,0.4385880854980415
7,pica,0.3,0.8478578011106399,0.7080561947994559,0.6021876500657308,0.24454286612864723,0.45364373663919133
99,mean,0.3,1.0006125839649402,0.7211574108613437,0.6063065204239806,0.3637914077115008,0.39290298651405936
99,median,0.3,1.034565059809526,0.7227281335544703,0.5985114851433135,0.3589242247907673,0.40441830918252086
99,knn_k10,0.3,0.8665682996027277,0.7352384395689743,0.6300319880610218,0.24020782837768204,0.2947189145583822
99,softimpute,0.3,0.967677588548473,0.716074321907287,0.6120293080163963,0.31283436051116054,0.3219049336068646
99,masked_nmf,0.3,1.012051688513529,0.340243671485386,0.26152622561396716,0.7716778106296701,370.1787308468369
99,mice,0.3,0.9883232694546469,0.7190084035863974,0.6182766157283734,0.2198816908614789,0.5202748132644405
99,iterativesvd,0.3,0.9999518492578503,0.7246808722283756,0.628957791852362,0.4119148720005809,0.283579624543853
99,missforest,0.3,0.7725662476922803,0.7794308210569809,0.6921309576824267,0.1751449815631242,0.31678671410139797
99,pica,0.3,0.8868996628526251,0.7260493961775447,0.6240954967249802,0.2188090744026059,0.407744131521608
555,mean,0.3,1.0002876218600543,0.7184205542579383,0.6054829242431318,0.4679925962376022,0.44801213231405707
555,median,0.3,1.0236013209747594,0.7272206950510088,0.6114516378515205,0.4640217092812925,0.4585515619074521
555,knn_k10,0.3,0.8941980486529602,0.7364116513917663,0.6269059007876792,0.3625856230780354,0.31102913983041086
555,softimpute,0.3,0.902380190023337,0.7248736975206265,0.6265802655039383,0.2763495662464875,0.67029069696221
555,masked_nmf,0.3,0.9994695449561822,0.33945993614575143,0.2496645891986616,0.7779057144599734,327.57638154983977
555,mice,0.3,0.8753102077944965,0.7104018532653089,0.6145017212452256,0.25275197456424114,0.5927813768511696
555,iterativesvd,0.3,0.9411663501530289,0.720181041524391,0.6249412716830587,0.34103453120624294,0.7162050669903035
555,missforest,0.3,0.6894265041209371,0.7851021419293625,0.6959465886600386,0.2208087488716452,0.452392208152902
555,pica,0.3,0.8878064184023763,0.7152921169271147,0.6138331535125129,0.30708854433811106,0.4609354083071344
31337,mean,0.3,1.000278242850428,0.7176385405726988,0.6025986451465625,0.43446027414297544,0.4470651029007374
31337,median,0.3,1.0242431321767633,0.7201823805889206,0.6033480824841482,0.4300342706277917,0.45543070213554854
31337,knn_k10,0.3,0.8457421029690997,0.7362153827907253,0.6332748682241275,0.32949530850174924,0.3758227074534378
31337,softimpute,0.3,0.9311674823256322,0.7215507132431569,0.6226907685097591,0.3369676947606243,0.7235463425566984
31337,masked_nmf,0.3,0.9956482058863941,0.3433698132770161,0.26502449876370127,0.7690303985107593,569.8452384927949
31337,mice,0.3,0.8640726654633477,0.7168590137215856,0.6050070414888215,0.22284646002959474,0.8654376631144534
31337,iterativesvd,0.3,0.9603005671945892,0.7221374148020193,0.6092089320416832,0.45237155521257,0.7589447533360622
31337,missforest,0.3,0.7864300720247008,0.7731745202801322,0.6788866559464544,0.23094209281911834,0.6939946310698814
31337,pica,0.3,0.8436437113908037,0.7092307456867776,0.6005563103189544,0.2780231763702896,0.5973745041531866
