seed,method,nrmse,clf_acc,clf_f1,cov_relerr,prec_relerr
123,mean,1.000381421182822,0.7581165483507507,0.6603948542727038,0.3355183355707688,0.3660511230343138
123,median,1.0254779021694156,0.760855317903484,0.6572240396900065,0.3326884961923788,0.3782570383121138
123,knn_k10,0.798492913587852,0.792530889349272,0.7037193953307082,0.2504518962902606,0.2463497886888706
123,softimpute,0.8231276672462903,0.7745403661002424,0.6883810220345847,0.2168288834786495,0.4373187732450136
123,masked_nmf,0.9933897404443726,0.3736770520685677,0.2917881462392565,0.7809072619561879,1067.6951630121084
123,mice,0.8818612737657607,0.7661333363940523,0.6807496938687266,0.1575903648736523,0.4496722676063028
123,iterativesvd,0.8630444520885766,0.7798195323604074,0.697757123801798,0.2261171022768343,0.4765832402101398
123,missforest,0.7125276475726219,0.8128668797692218,0.7267222417630993,0.1564685377568284,0.3528053296447158
123,pica,0.812293655688364,0.7647642385600848,0.6782055842238351,0.1669532198540576,0.29950574511233
456,mean,1.0001391667845052,0.7692604346603462,0.6726065035993152,0.328017799087459,0.3816972097748696
456,median,1.0269340903821496,0.7743448626789325,0.6679292702907258,0.3253000015487299,0.3953230359153143
456,knn_k10,0.7518269190946032,0.7976155086627911,0.7072646142319238,0.2310365065156328,0.1863119385150148
456,softimpute,0.8779296187248385,0.7688698104075921,0.6800185234297889,0.2182203727985969,0.2384561469181997
456,masked_nmf,0.9938063347256318,0.3713323500773788,0.2997502786731205,0.7783714510820186,1142.8113900417984
456,mice,0.8069510633996018,0.7788433543183875,0.6944679030377532,0.1397693305512922,0.2914026838856354
456,iterativesvd,0.9725151590425832,0.7698454145648135,0.6824486867206605,0.2797669238720555,0.2872305076036125
456,missforest,0.6115108477106531,0.8132575040219759,0.7245359109524069,0.1381566748113811,0.1953582760524939
456,pica,0.8145043387992889,0.7768883201052887,0.6887281664958808,0.1816584221185109,0.2504025933736139
789,mean,1.0004869813117463,0.7714123113592845,0.6716676339023877,0.3153286571649385,0.3413507280049603
789,median,1.0227376584242405,0.7790359883157054,0.6738682412445863,0.311753712741369,0.353026928330038
789,knn_k10,0.7857006850447664,0.796245071764294,0.7013028140862951,0.2142300272802908,0.2052103978735681
789,softimpute,0.8876477077963975,0.7743469669231932,0.6892904032846653,0.2023758755331865,0.4084113659083755
789,masked_nmf,0.9973188273381316,0.376806637168988,0.3007500283049806,0.7767871649998828,1054.1436400614398
789,mice,0.8359289750546486,0.780406807804068,0.6909201931049537,0.175163771202868,0.5073524684283681
789,iterativesvd,0.93409803882351,0.7729771039094946,0.6919388382057905,0.2397625783039622,0.393248328085941
789,missforest,0.6532598884567425,0.8171694853975012,0.7367295221671165,0.1364521526862517,0.3997655307001094
789,pica,0.8387745063490241,0.7764976958525345,0.6912428399929685,0.1842380020837661,0.4271510050224774
1024,mean,1.000381078117473,0.7673084611661721,0.6607188033803006,0.2546645535024961,0.3717223941848631
1024,median,1.031516893868869,0.7743479233978571,0.6556999348291676,0.2514280913099128,0.3851900892153738
1024,knn_k10,0.7364234212184222,0.800936962580798,0.7081326507095698,0.1423993280001948,0.2017789298472186
1024,softimpute,0.8366724150936353,0.7772799008327068,0.6891106130151377,0.1385293877170539,0.1601214348358961
1024,masked_nmf,0.9799428563197644,0.3867792246051194,0.3071374613598812,0.777610120166081,963.6755481175348
1024,mice,0.8936189334151079,0.7829460567419029,0.6961681477715975,0.1172414427010368,0.2572838956437652
1024,iterativesvd,0.8946813193075631,0.7823639462614275,0.692636635758172,0.2283080445053241,0.2002244490751669
1024,missforest,0.6146637262153023,0.8261643644321506,0.7381012788838055,0.0856392650937782,0.1446858394921893
1024,pica,0.8305689536579619,0.7749317555327278,0.6860876857978067,0.1349614215317074,0.1771936991907118
1337,mean,1.000205008924794,0.7714157546680747,0.6687576602619595,0.3604719325329342,0.344845287613475
1337,median,1.0244890817086705,0.7702413950756858,0.6572240455104446,0.3584302656101384,0.3578743010111433
1337,knn_k10,0.7985860891563608,0.797811777263832,0.711722709597313,0.2741197152404911,0.2268395806921037
1337,softimpute,0.8272000442661432,0.7747366347012834,0.680412089486339,0.2303802993280876,0.4065214539789018
1337,masked_nmf,0.9915071769886854,0.3826677226146956,0.3166214358654421,0.7804263049409983,1442.8182408924172
1337,mice,0.7372704615864869,0.7811888214893076,0.6946452019067318,0.1925910265373938,0.5331993291580437
1337,iterativesvd,0.8477083078431378,0.780213217332086,0.6929940040136308,0.2327179766203524,0.3993445813305945
1337,missforest,0.6939604001647829,0.8159970387544403,0.7312229219225501,0.1908888965925598,0.4488042353254972
1337,pica,0.7693120446713719,0.7772787530631101,0.6874611702551092,0.2155006937031828,0.4273662509846545
2024,mean,1.0003212382273927,0.7630058555378927,0.6540480631482373,0.2848523847888551,0.3735085511289222
2024,median,1.0241286117397592,0.7637876779281993,0.6452782956973226,0.2812294875700724,0.3869617507592004
2024,knn_k10,0.8096126621835736,0.7985932170642732,0.7093376048744987,0.1844436654111679,0.1975098018484307
2024,softimpute,0.8402465335221347,0.7792364654052679,0.6881918282621078,0.197127933730063,0.196409933836925
2024,masked_nmf,0.9932737296828094,0.3799356483846099,0.2998121100009375,0.7795529064882971,1098.1199323050128
2024,mice,0.7926168491230963,0.7776714815601249,0.6883250303065912,0.1532749144504958,0.2819825840214385
2024,iterativesvd,0.8921942914275025,0.7768904243495494,0.678803902927913,0.2449049233522439,0.2027342798163161
2024,missforest,0.6390437545986201,0.8116953896008248,0.7214393322850687,0.116406923598015,0.1950223261039801
2024,pica,0.9572949464735336,0.7686790893596019,0.6742577797361107,0.7972526585767571,0.2793300916541302
7,mean,1.0002965163012205,0.7631986808301435,0.6594753119560703,0.26776024521086983,0.3706148208708603
7,median,1.0302280286634184,0.76495668126247,0.6585292039325534,0.2638716422660412,0.38193106734640603
7,knn_k10,0.8224834224976445,0.7870552631931332,0.693359455515431,0.15648845278205623,0.21010907318604616
7,softimpute,0.8370676157875374,0.7719970999688189,0.6846554774907792,0.14188141694710946,0.20696805511215438
7,masked_nmf,0.9887450986475768,0.3846281130859125,0.3049871977509869,0.7778709473047335,977.2439050507429
7,mice,0.7724782206243375,0.7778629677878462,0.6874304238076319,0.12158139042548893,0.2981259021862628
7,iterativesvd,0.8583358857720552,0.7686752634609462,0.6826321771714579,0.16452983810055852,0.2537892172128202
7,missforest,0.623380039928876,0.8107165334297459,0.7218982712081623,0.09698198493621901,0.20171138232027275
7,pica,0.7970310723773654,0.7725841841175469,0.6817400055210191,0.13765544136352661,0.22423226156587509
99,mean,1.0005362693548905,0.7700449351797121,0.6688812515457301,0.25537073571465274,0.3443383588723471
99,median,1.0395179921672242,0.771608962550191,0.6573585705483345,0.2521888066041425,0.3570877369690611
99,knn_k10,0.7504337523395093,0.7964419142501333,0.7042880777420721,0.1674529678916117,0.16989209867620383
99,softimpute,0.8941221247972693,0.7755215178105147,0.686917094766199,0.1556511798101509,0.2162689920298424
99,masked_nmf,0.9990825994686621,0.374656482124445,0.30236338646477445,0.7707094415492649,394.8687661815079
99,mice,0.8859766328201428,0.7835371580842195,0.698477798908369,0.12783063720118068,0.26482070464414675
99,iterativesvd,0.9293756581597528,0.7811907344386354,0.6922837222922918,0.20554443979071185,0.23827144306538892
99,missforest,0.6453063072727154,0.8193211708015067,0.7321534098647549,0.09372771789356074,0.17877872179142748
99,pica,0.82447460620381,0.77767320321452,0.6856178761777794,0.1349874219956379,0.20793831836027604
555,mean,1.0006528707832198,0.7718044659715009,0.6709454507477741,0.33202450997891075,0.36251213373306473
555,median,1.0258424959926997,0.7659391720372719,0.6564642059873036,0.33003999098597675,0.377653790218216
555,knn_k10,0.8325005604301652,0.7976170390222533,0.7045155902066389,0.24059163167815142,0.2058256445128483
555,softimpute,0.8332485843514079,0.7788423978437236,0.6864746863039989,0.1909506143472732,0.3537618826625964
555,masked_nmf,0.9910480841637197,0.37407111963011214,0.28925728484074453,0.7701080818041438,279.41591846508
555,mice,0.8336827738283108,0.7763041053805526,0.6877308175872927,0.18973958400311272,0.42317145217866103
555,iterativesvd,0.926942613611882,0.7796257505934925,0.6901645123213347,0.25262756659308655,0.28792679201328375
555,missforest,0.6565314008116192,0.8212763963095382,0.7414454447486436,0.19155946928421286,0.2765580678425156
555,pica,0.8321582706480302,0.7735638054683569,0.6879567489200527,0.18750919757678156,0.32648634894322454
31337,mean,1.0002426690779866,0.7647651950347487,0.6722522072814454,0.29203668016263123,0.36667611589916727
31337,median,1.0257985548905113,0.7714136504238139,0.6706190056688573,0.2892644905224049,0.3814369594684242
31337,knn_k10,0.7844159520344018,0.7933134769193099,0.6988815461689534,0.2000948772259158,0.18957883420252547
31337,softimpute,0.9046980301876216,0.7782555049899283,0.6906322258724928,0.2033356437276911,0.28783673184432995
31337,masked_nmf,0.9962861585168487,0.3777833890958062,0.3007544639741967,0.7716823181440372,853.8079061130802
31337,mice,0.8269455828226441,0.7757149169875639,0.6930520746178457,0.15340128896913405,0.39264296312517794
31337,iterativesvd,0.9165523212447317,0.7798183845908105,0.6952698339335488,0.2514441196900601,0.3340182076331333
31337,missforest,0.7765136338456219,0.8159966561645747,0.7375989627540802,0.15190682482540827,0.27208873249118193
31337,pica,0.7887571131801631,0.7682838740284609,0.682515677664016,0.14742736611397636,0.30240297252563236
