clf_seed,method,clf_acc,clf_f1,cov_relerr,prec_relerr
0,mean,0.7720524017467248,0.6591195587373985,224.47133370709216,0.9893848417839508
1,mean,0.777292576419214,0.6638190460010696,224.47133370709216,0.9893848417839508
2,mean,0.7676855895196507,0.6694715263858007,224.47133370709216,0.9893848417839508
3,mean,0.7685589519650655,0.631358689343274,224.47133370709216,0.9893848417839508
4,mean,0.7668122270742359,0.6597704088471638,224.47133370709216,0.9893848417839508
5,mean,0.7746724890829695,0.6706325821146507,224.47133370709216,0.9893848417839508
6,mean,0.7781659388646288,0.6721235504517571,224.47133370709216,0.9893848417839508
7,mean,0.7799126637554586,0.6809055368342236,224.47133370709216,0.9893848417839508
8,mean,0.7606986899563318,0.652701085287116,224.47133370709216,0.9893848417839508
9,mean,0.7729257641921397,0.6684986834014626,224.47133370709216,0.9893848417839508
0,median,0.7729257641921399,0.6499118495669883,224.51326996061638,0.9893916499690015
1,median,0.7921397379912662,0.6965299404290562,224.51326996061638,0.9893916499690015
2,median,0.7825327510917031,0.6689274393906897,224.51326996061638,0.9893916499690015
3,median,0.7746724890829694,0.667722801187606,224.51326996061638,0.9893916499690015
4,median,0.7825327510917031,0.6695789113106139,224.51326996061638,0.9893916499690015
5,median,0.783406113537118,0.6812588039702802,224.51326996061638,0.9893916499690015
6,median,0.7851528384279476,0.6778254298347249,224.51326996061638,0.9893916499690015
7,median,0.7834061135371179,0.6605489670403855,224.51326996061638,0.9893916499690015
8,median,0.777292576419214,0.685176103034265,224.51326996061638,0.9893916499690015
9,median,0.7895196506550219,0.6782741686683049,224.51326996061638,0.9893916499690015
0,knn_k10,0.748471615720524,0.6251992198175212,246.34663993989997,0.9894338750831551
1,knn_k10,0.7475982532751092,0.6131881105736532,246.34663993989997,0.9894338750831551
2,knn_k10,0.743231441048035,0.6238177742734117,246.34663993989997,0.9894338750831551
3,knn_k10,0.74235807860262,0.6227698500450971,246.34663993989997,0.9894338750831551
4,knn_k10,0.7441048034934499,0.6129337863355868,246.34663993989997,0.9894338750831551
5,knn_k10,0.7528384279475983,0.6361354512114104,246.34663993989997,0.9894338750831551
6,knn_k10,0.748471615720524,0.6388946152982099,246.34663993989997,0.9894338750831551
7,knn_k10,0.7406113537117903,0.5992804096876413,246.34663993989997,0.9894338750831551
8,knn_k10,0.74235807860262,0.6377995254710187,246.34663993989997,0.9894338750831551
9,knn_k10,0.7406113537117903,0.6273731416643076,246.34663993989997,0.9894338750831551
0,softimpute,0.7528384279475983,0.6610103491530809,224.51228837297788,0.9894120443935875
1,softimpute,0.7703056768558951,0.6817514530744957,224.51228837297788,0.9894120443935875
2,softimpute,0.7606986899563319,0.6744455993205982,224.51228837297788,0.9894120443935875
3,softimpute,0.7572052401746725,0.659270606590906,224.51228837297788,0.9894120443935875
4,softimpute,0.7528384279475983,0.6395287946158462,224.51228837297788,0.9894120443935875
5,softimpute,0.765938864628821,0.6609475493483921,224.51228837297788,0.9894120443935875
6,softimpute,0.7659388646288209,0.673597766030775,224.51228837297788,0.9894120443935875
7,softimpute,0.7624454148471616,0.6574076477871702,224.51228837297788,0.9894120443935875
8,softimpute,0.7606986899563319,0.6645227633875337,224.51228837297788,0.9894120443935875
9,softimpute,0.7563318777292576,0.656568369539198,224.51228837297788,0.9894120443935875
0,masked_nmf,0.5240174672489083,0.3693222417436013,2.506045296874926,159.6698827292181
1,masked_nmf,0.519650655021834,0.3392608474244832,2.506045296874926,159.6698827292181
2,masked_nmf,0.5091703056768558,0.3572609820629393,2.506045296874926,159.6698827292181
3,masked_nmf,0.5213973799126638,0.353846229533619,2.506045296874926,159.6698827292181
4,masked_nmf,0.48733624454148466,0.3270107954956467,2.506045296874926,159.6698827292181
5,masked_nmf,0.5283842794759824,0.3647671740587159,2.506045296874926,159.6698827292181
6,masked_nmf,0.5327510917030568,0.37765664660787257,2.506045296874926,159.6698827292181
7,masked_nmf,0.537117903930131,0.38669826196459245,2.506045296874926,159.6698827292181
8,masked_nmf,0.508296943231441,0.35721865321009827,2.506045296874926,159.6698827292181
9,masked_nmf,0.5310043668122271,0.37340299772154784,2.506045296874926,159.6698827292181
0,mice,0.7650655021834061,0.6675799607411906,225.34983119343394,0.9894482296884322
1,mice,0.7746724890829695,0.6829174750643874,225.34983119343394,0.9894482296884322
2,mice,0.7519650655021834,0.6588131880402142,225.34983119343394,0.9894482296884322
3,mice,0.7589519650655021,0.6500392993971545,225.34983119343394,0.9894482296884322
4,mice,0.7615720524017469,0.6485902894618182,225.34983119343394,0.9894482296884322
5,mice,0.7624454148471616,0.6679534583603339,225.34983119343394,0.9894482296884322
6,mice,0.7641921397379912,0.6707091043676723,225.34983119343394,0.9894482296884322
7,mice,0.7624454148471616,0.6663704669919492,225.34983119343394,0.9894482296884322
8,mice,0.7537117903930131,0.6506395548455435,225.34983119343394,0.9894482296884322
9,mice,0.7624454148471616,0.6598690005383013,225.34983119343394,0.9894482296884322
0,iterativesvd,0.7554585152838429,0.6645042717660543,224.5455167869369,0.9894354758747144
1,iterativesvd,0.7676855895196507,0.6779887454416322,224.5455167869369,0.9894354758747144
2,iterativesvd,0.7633187772925764,0.6733652980961902,224.5455167869369,0.9894354758747144
3,iterativesvd,0.7606986899563319,0.663055335189995,224.5455167869369,0.9894354758747144
4,iterativesvd,0.7528384279475983,0.6539819076224289,224.5455167869369,0.9894354758747144
5,iterativesvd,0.7668122270742358,0.667776600708758,224.5455167869369,0.9894354758747144
6,iterativesvd,0.765938864628821,0.685908446520375,224.5455167869369,0.9894354758747144
7,iterativesvd,0.7624454148471616,0.6703450204724625,224.5455167869369,0.9894354758747144
8,iterativesvd,0.7519650655021834,0.6508994305440792,224.5455167869369,0.9894354758747144
9,iterativesvd,0.759825327510917,0.6627947357268117,224.5455167869369,0.9894354758747144
0,missforest,0.7589519650655021,0.6614514528004299,224.60445234611174,0.9894579115526589
1,missforest,0.7685589519650655,0.6732457143088081,224.60445234611174,0.9894579115526589
2,missforest,0.7449781659388647,0.6414960102520337,224.60445234611174,0.9894579115526589
3,missforest,0.7493449781659388,0.6304005836040236,224.60445234611174,0.9894579115526589
4,missforest,0.7493449781659389,0.6436780619276641,224.60445234611174,0.9894579115526589
5,missforest,0.7502183406113537,0.6546494684865378,224.60445234611174,0.9894579115526589
6,missforest,0.7537117903930131,0.6592326252291805,224.60445234611174,0.9894579115526589
7,missforest,0.7537117903930131,0.6515809746893126,224.60445234611174,0.9894579115526589
8,missforest,0.7519650655021834,0.6409861039822989,224.60445234611174,0.9894579115526589
9,missforest,0.7493449781659389,0.6469992760666545,224.60445234611174,0.9894579115526589
0,pica,0.7606986899563318,0.648276213100684,224.4983426050577,0.9893963268475098
1,pica,0.7676855895196507,0.6499772321391959,224.4983426050577,0.9893963268475098
2,pica,0.7510917030567686,0.6522989259680917,224.4983426050577,0.9893963268475098
3,pica,0.7563318777292576,0.6342159888319672,224.4983426050577,0.9893963268475098
4,pica,0.7633187772925764,0.6453883419777399,224.4983426050577,0.9893963268475098
5,pica,0.7572052401746725,0.6633999751563286,224.4983426050577,0.9893963268475098
6,pica,0.765938864628821,0.6618438227761856,224.4983426050577,0.9893963268475098
7,pica,0.7589519650655022,0.6417615717729936,224.4983426050577,0.9893963268475098
8,pica,0.7563318777292578,0.6433405204548114,224.4983426050577,0.9893963268475098
9,pica,0.7589519650655022,0.6541121992425596,224.4983426050577,0.9893963268475098
