method,target,target_type,regressor,cv_seed,r2,rmse
mean,Protein,macro,rf,0,0.7243260464824797,6.007993076972719
mean,Protein,macro,rf,1,0.7107102292347978,6.1410051122625955
mean,Protein,macro,rf,2,0.6994861687174342,6.211262098524184
mean,Protein,macro,rf,3,0.705209714626322,6.139401315519929
mean,Protein,macro,rf,4,0.7011633232067871,6.217498970643987
mean,Protein,macro,ridge,0,0.7781671529493766,5.2328337463194865
mean,Protein,macro,ridge,1,0.8068379746765398,4.969217584391068
mean,Protein,macro,ridge,2,0.819856489079846,4.8570661298898
mean,Protein,macro,ridge,3,0.8020864138876634,4.852300431167281
mean,Protein,macro,ridge,4,0.7955043007759022,5.051114890138566
mean,Protein,macro,knr,0,0.629652057437181,6.978126168617633
mean,Protein,macro,knr,1,0.605525000339797,7.126493451259338
mean,Protein,macro,knr,2,0.6395249807631362,6.868581828328478
mean,Protein,macro,knr,3,0.6136494126295382,7.061769655545163
mean,Protein,macro,knr,4,0.618338617909105,6.997193175391511
mean,Fat,macro,rf,0,0.9480495905079526,2.854364288689193
mean,Fat,macro,rf,1,0.9545285628597092,2.906487477503045
mean,Fat,macro,rf,2,0.9564628436814873,2.7912115842961622
mean,Fat,macro,rf,3,0.954872140714366,2.893718463010001
mean,Fat,macro,rf,4,0.9491030718407135,3.023728114057948
mean,Fat,macro,ridge,0,0.8909148244578482,2.9624190287171923
mean,Fat,macro,ridge,1,0.9394071461195687,3.0518794089624914
mean,Fat,macro,ridge,2,0.9661608524577501,2.4154723389877737
mean,Fat,macro,ridge,3,0.9684048993180209,2.4089720517808986
mean,Fat,macro,ridge,4,0.9669362308838526,2.3768223259054233
mean,Fat,macro,knr,0,0.672847405477751,7.099057277436441
mean,Fat,macro,knr,1,0.7526899850381367,6.777942558426903
mean,Fat,macro,knr,2,0.7276348060100524,6.8973957804406085
mean,Fat,macro,knr,3,0.7450902955947776,6.796152550644521
mean,Fat,macro,knr,4,0.7321274575629296,6.854093244033888
mean,Carbohydrate,macro,rf,0,0.9192002473862125,7.0040142640686955
mean,Carbohydrate,macro,rf,1,0.9215180419148294,6.853539702478389
mean,Carbohydrate,macro,rf,2,0.9218262994776248,6.841921396661635
mean,Carbohydrate,macro,rf,3,0.9138557691303241,7.240125644461761
mean,Carbohydrate,macro,rf,4,0.923202879818527,6.873771326772868
mean,Carbohydrate,macro,ridge,0,0.9476937140983782,5.631240494485803
mean,Carbohydrate,macro,ridge,1,0.930856716097814,6.240944629484387
mean,Carbohydrate,macro,ridge,2,0.9424147770072823,5.744670855641963
mean,Carbohydrate,macro,ridge,3,0.9463951198761897,5.715408786850292
mean,Carbohydrate,macro,ridge,4,0.9489256503471525,5.561190937391787
mean,Carbohydrate,macro,knr,0,0.8123583505865903,10.763450807689841
mean,Carbohydrate,macro,knr,1,0.8059584850500953,10.80401220619693
mean,Carbohydrate,macro,knr,2,0.8005371833505837,11.05366499292452
mean,Carbohydrate,macro,knr,3,0.8039314641615677,10.943980352715714
mean,Carbohydrate,macro,knr,4,0.807729667276389,10.91674356578548
mean,Calcium,micro,rf,0,0.4571214039772752,244.96183595117722
mean,Calcium,micro,rf,1,0.3799862953175861,245.044337510492
mean,Calcium,micro,rf,2,0.4656558745725542,236.00604760692482
mean,Calcium,micro,rf,3,0.2615517555782638,243.68051988936364
mean,Calcium,micro,rf,4,0.3182337838821332,254.3381016111593
mean,Calcium,micro,ridge,0,0.423200087448205,253.97658635384
mean,Calcium,micro,ridge,1,0.027255719319805104,317.8686508621355
mean,Calcium,micro,ridge,2,-0.34003541063854187,340.0597238781145
mean,Calcium,micro,ridge,3,-0.772004073823637,354.8109652193706
mean,Calcium,micro,ridge,4,-0.15327422608631563,313.319347960252
mean,Calcium,micro,knr,0,0.47321914078269744,239.47863546686125
mean,Calcium,micro,knr,1,0.39233005442922114,243.07333506800373
mean,Calcium,micro,knr,2,0.47282852649968576,234.5010374083773
mean,Calcium,micro,knr,3,0.4084601946745957,238.18802807215033
mean,Calcium,micro,knr,4,0.44843666323456405,234.81359842159554
mean,Iron,micro,rf,0,0.08747062828435867,5.16629584217582
mean,Iron,micro,rf,1,0.13320933450504,5.036427014282272
mean,Iron,micro,rf,2,0.09872053782147083,5.245073756229543
mean,Iron,micro,rf,3,0.08689912502456995,5.152298089874299
mean,Iron,micro,rf,4,0.18173159905825212,5.034903872313221
mean,Iron,micro,ridge,0,-0.9489732850570016,6.356749086961193
mean,Iron,micro,ridge,1,-0.9307864925435982,6.387721487049225
mean,Iron,micro,ridge,2,-0.22321078524048482,5.900172935335537
mean,Iron,micro,ridge,3,-0.4501264848170864,6.101928743409131
mean,Iron,micro,ridge,4,-0.7328544590411898,6.743953956243573
mean,Iron,micro,knr,0,-0.048589708418098065,5.528210499808961
mean,Iron,micro,knr,1,0.025337264709747353,5.321805392400763
mean,Iron,micro,knr,2,0.0433891389726714,5.404076158286116
mean,Iron,micro,knr,3,0.038423144319356964,5.388005367676358
mean,Iron,micro,knr,4,-0.024817055183301972,5.564589854801748
mean,Vitamin_C,micro,rf,0,0.19154477500743788,22.894212687079367
mean,Vitamin_C,micro,rf,1,0.21250027101232308,22.866841712444007
mean,Vitamin_C,micro,rf,2,0.21790602275743698,22.36314239957318
mean,Vitamin_C,micro,rf,3,0.19046494795324467,22.59361986091782
mean,Vitamin_C,micro,rf,4,0.20631831488801017,22.77078134995825
mean,Vitamin_C,micro,ridge,0,0.07364676245132876,24.47955183122019
mean,Vitamin_C,micro,ridge,1,0.040259817159665603,25.14345442666052
mean,Vitamin_C,micro,ridge,2,-0.10382704330872398,25.633189431621286
mean,Vitamin_C,micro,ridge,3,0.06793798019568328,24.640446094328947
mean,Vitamin_C,micro,ridge,4,0.09804335742894525,24.352983355513704
mean,Vitamin_C,micro,knr,0,0.21755620516269425,22.753856432140697
mean,Vitamin_C,micro,knr,1,0.13504290622616522,23.850515983177466
mean,Vitamin_C,micro,knr,2,0.1054211603808207,24.04784884258194
mean,Vitamin_C,micro,knr,3,0.16161822118885774,23.4651489546276
mean,Vitamin_C,micro,knr,4,0.15908999507673877,23.4956494633674
median,Protein,macro,rf,0,0.721450467876352,6.035891885014085
median,Protein,macro,rf,1,0.7013939391983064,6.247537679045881
median,Protein,macro,rf,2,0.7030003672410773,6.184958305426666
median,Protein,macro,rf,3,0.6952469126888783,6.232727872299666
median,Protein,macro,rf,4,0.7007548284069041,6.2045880583594855
median,Protein,macro,ridge,0,0.7975478332395667,5.020337874735378
median,Protein,macro,ridge,1,0.8158992510572727,4.8667000206607245
median,Protein,macro,ridge,2,0.8233374941873048,4.801461903544126
median,Protein,macro,ridge,3,0.8098243946254996,4.7611342702476005
median,Protein,macro,ridge,4,0.8116116310416011,4.860290094769907
median,Protein,macro,knr,0,0.6342635863621278,6.933702264738955
median,Protein,macro,knr,1,0.6061070817708851,7.113350217317786
median,Protein,macro,knr,2,0.6457915811847359,6.8123339579674465
median,Protein,macro,knr,3,0.6202748151327768,6.994159445682401
median,Protein,macro,knr,4,0.6264725864823562,6.924885870284828
median,Fat,macro,rf,0,0.9473272421015129,2.86389228071654
median,Fat,macro,rf,1,0.9535233892989103,2.9355322743666545
median,Fat,macro,rf,2,0.9567912882991763,2.7781964597948785
median,Fat,macro,rf,3,0.953552285103244,2.9345496954369334
median,Fat,macro,rf,4,0.9482708285669565,3.0376440084296363
median,Fat,macro,ridge,0,0.9106961964114456,2.811711661949101
median,Fat,macro,ridge,1,0.948029553344895,2.911459130283462
median,Fat,macro,ridge,2,0.9671713259799771,2.39129582913288
median,Fat,macro,ridge,3,0.9688492561556574,2.383463326744743
median,Fat,macro,ridge,4,0.9674382713723343,2.357277448009815
median,Fat,macro,knr,0,0.6782963686189947,7.024686536066939
median,Fat,macro,knr,1,0.7553216503121536,6.737419477860611
median,Fat,macro,knr,2,0.7328509375048488,6.834749589242112
median,Fat,macro,knr,3,0.7506090628575096,6.692352756626531
median,Fat,macro,knr,4,0.7359641342177082,6.800716855530631
median,Carbohydrate,macro,rf,0,0.9184241612829276,7.056057337645041
median,Carbohydrate,macro,rf,1,0.9209995694034205,6.831706371463682
median,Carbohydrate,macro,rf,2,0.9216233016578181,6.8611392748050095
median,Carbohydrate,macro,rf,3,0.9158354113726362,7.152763123962778
median,Carbohydrate,macro,rf,4,0.9233829764017557,6.871773396386655
median,Carbohydrate,macro,ridge,0,0.9500820607652333,5.4990713045718
median,Carbohydrate,macro,ridge,1,0.936599398156616,5.998053006786847
median,Carbohydrate,macro,ridge,2,0.945481011233858,5.626262577561521
median,Carbohydrate,macro,ridge,3,0.9477538526990952,5.611788114096386
median,Carbohydrate,macro,ridge,4,0.9513167368299638,5.444833863776019
median,Carbohydrate,macro,knr,0,0.8251661891501296,10.41075941747752
median,Carbohydrate,macro,knr,1,0.8106391159179587,10.718493148590179
median,Carbohydrate,macro,knr,2,0.8040191305179782,10.974361205156347
median,Carbohydrate,macro,knr,3,0.8067156681865363,10.8875734823404
median,Carbohydrate,macro,knr,4,0.8100853158014516,10.853610116934803
median,Calcium,micro,rf,0,0.44330989276729504,248.8211750625573
median,Calcium,micro,rf,1,0.39166174872348847,242.26508742274274
median,Calcium,micro,rf,2,0.45251935552366673,238.80219288184625
median,Calcium,micro,rf,3,0.2498738485647905,248.54395190079904
median,Calcium,micro,rf,4,0.3480232560998905,252.13766135376636
median,Calcium,micro,ridge,0,0.42439128222333444,253.40219605536123
median,Calcium,micro,ridge,1,0.08726180707654892,299.721902350694
median,Calcium,micro,ridge,2,-0.17383361467839936,320.7500291156511
median,Calcium,micro,ridge,3,-0.47222894948507754,342.5085037342895
median,Calcium,micro,ridge,4,-0.2218742077905087,319.6653942545764
median,Calcium,micro,knr,0,0.4620901800651353,242.0206014449987
median,Calcium,micro,knr,1,0.3915018779180687,242.92193891646906
median,Calcium,micro,knr,2,0.43761467569264767,242.18367459631503
median,Calcium,micro,knr,3,0.41804151009187895,237.8167057346646
median,Calcium,micro,knr,4,0.42216716274394006,242.11078336347768
median,Iron,micro,rf,0,0.021961226890748486,5.292472195822884
median,Iron,micro,rf,1,0.08828639266314389,5.1447731554167495
median,Iron,micro,rf,2,0.045455962247778835,5.378769386688854
median,Iron,micro,rf,3,0.05131893855964551,5.252583561672123
median,Iron,micro,rf,4,0.13797214414849582,5.139222904471394
median,Iron,micro,ridge,0,-1.5150225475494437,6.697329737714689
median,Iron,micro,ridge,1,-1.4662859002554032,6.753624187649703
median,Iron,micro,ridge,2,-0.4805055608144514,6.23712733818275
median,Iron,micro,ridge,3,-0.6808819325472925,6.294970533903357
median,Iron,micro,ridge,4,-0.931583749953068,6.951425057523467
median,Iron,micro,knr,0,-0.07097067999782665,5.565856214376348
median,Iron,micro,knr,1,0.008071804985346964,5.317590229142084
median,Iron,micro,knr,2,0.005374486806551437,5.49935992470752
median,Iron,micro,knr,3,0.018766746167396643,5.428150405276935
median,Iron,micro,knr,4,-0.05870209028035127,5.626464228096745
median,Vitamin_C,micro,rf,0,0.19122896337218803,22.872975622375442
median,Vitamin_C,micro,rf,1,0.2069949489932168,22.958310303932357
median,Vitamin_C,micro,rf,2,0.2160263452914009,22.447084720944027
median,Vitamin_C,micro,rf,3,0.18130026241151884,22.654788633051467
median,Vitamin_C,micro,rf,4,0.20807798125006097,22.724966430002475
median,Vitamin_C,micro,ridge,0,0.1226470011350383,23.863894692194712
median,Vitamin_C,micro,ridge,1,0.04444094507948317,25.043015434702568
median,Vitamin_C,micro,ridge,2,-0.22563757816149826,26.273448409516767
median,Vitamin_C,micro,ridge,3,0.04170190593290797,24.954227126559772
median,Vitamin_C,micro,ridge,4,0.13301169931272228,23.89712443387437
median,Vitamin_C,micro,knr,0,0.21053124700998516,22.800717140223945
median,Vitamin_C,micro,knr,1,0.19070705015186362,23.099287038541004
median,Vitamin_C,micro,knr,2,0.13255759415346072,23.57536893731909
median,Vitamin_C,micro,knr,3,0.17979485789940858,23.289051310945162
median,Vitamin_C,micro,knr,4,0.16698066540741427,23.42692438554488
knn_k10,Protein,macro,rf,0,0.7643929581284038,5.552456260008615
knn_k10,Protein,macro,rf,1,0.7494910215984698,5.712830942309817
knn_k10,Protein,macro,rf,2,0.7472482018000399,5.671242364226113
knn_k10,Protein,macro,rf,3,0.7616938034589676,5.530639138006096
knn_k10,Protein,macro,rf,4,0.7531620599621149,5.658013971448462
knn_k10,Protein,macro,ridge,0,0.8141989187536678,4.825186155461821
knn_k10,Protein,macro,ridge,1,0.8176076169490631,4.835789172467592
knn_k10,Protein,macro,ridge,2,0.825184825717308,4.77702500548848
knn_k10,Protein,macro,ridge,3,0.8071923164813543,4.770692261705454
knn_k10,Protein,macro,ridge,4,0.8107575008308588,4.878746385328391
knn_k10,Protein,macro,knr,0,0.6885601400765439,6.370093087830778
knn_k10,Protein,macro,knr,1,0.6657769488955357,6.5578992622657335
knn_k10,Protein,macro,knr,2,0.6889901105515271,6.359919651751406
knn_k10,Protein,macro,knr,3,0.6882004217615105,6.33345784169851
knn_k10,Protein,macro,knr,4,0.6782028726720398,6.458791688523573
knn_k10,Fat,macro,rf,0,0.9465874692891912,2.9156830342685907
knn_k10,Fat,macro,rf,1,0.9538724848699554,2.92279982747716
knn_k10,Fat,macro,rf,2,0.9551158649290119,2.8418855879071874
knn_k10,Fat,macro,rf,3,0.9542864334060936,2.9024580061026857
knn_k10,Fat,macro,rf,4,0.9498206962922495,3.005447245445697
knn_k10,Fat,macro,ridge,0,0.9573264376591147,2.3540369370352967
knn_k10,Fat,macro,ridge,1,0.9702116734662841,2.308813181633284
knn_k10,Fat,macro,ridge,2,0.969069695882942,2.332832230865235
knn_k10,Fat,macro,ridge,3,0.9698703481351469,2.3355171067764324
knn_k10,Fat,macro,ridge,4,0.9680170919184908,2.3391779039965788
knn_k10,Fat,macro,knr,0,0.7186447358062644,6.594069004978195
knn_k10,Fat,macro,knr,1,0.7608730121510178,6.63207705163385
knn_k10,Fat,macro,knr,2,0.7539635702031158,6.542749961528929
knn_k10,Fat,macro,knr,3,0.7800327574926398,6.269396442891477
knn_k10,Fat,macro,knr,4,0.7616788272902697,6.477956947231886
knn_k10,Carbohydrate,macro,rf,0,0.9217908763810716,6.931429768959648
knn_k10,Carbohydrate,macro,rf,1,0.926566861681807,6.578899055767709
knn_k10,Carbohydrate,macro,rf,2,0.9204274388938621,6.951837699255968
knn_k10,Carbohydrate,macro,rf,3,0.9161342238055139,7.102514843822239
knn_k10,Carbohydrate,macro,rf,4,0.9238987674570559,6.864941248407007
knn_k10,Carbohydrate,macro,ridge,0,0.9547571075021043,5.2065196363799
knn_k10,Carbohydrate,macro,ridge,1,0.9512542566211977,5.04295391962183
knn_k10,Carbohydrate,macro,ridge,2,0.9515946574074932,5.384185052715077
knn_k10,Carbohydrate,macro,ridge,3,0.9528790114266492,5.286538996974888
knn_k10,Carbohydrate,macro,ridge,4,0.9543519805858034,5.286834480425162
knn_k10,Carbohydrate,macro,knr,0,0.8454538855013691,9.774204570286106
knn_k10,Carbohydrate,macro,knr,1,0.8379514052463184,9.839096327833188
knn_k10,Carbohydrate,macro,knr,2,0.8344321953703355,10.106872582649018
knn_k10,Carbohydrate,macro,knr,3,0.8334288252496307,10.072281107537332
knn_k10,Carbohydrate,macro,knr,4,0.8391331817597738,9.983983935714573
knn_k10,Calcium,micro,rf,0,0.47815475550660863,241.12528231046608
knn_k10,Calcium,micro,rf,1,0.37722262324751876,246.00787870937256
knn_k10,Calcium,micro,rf,2,0.47949610204373594,231.65789355709222
knn_k10,Calcium,micro,rf,3,0.29909422384059237,241.2327194473434
knn_k10,Calcium,micro,rf,4,0.31977395091366423,252.9246231208333
knn_k10,Calcium,micro,ridge,0,0.4189814428298432,255.05407935007807
knn_k10,Calcium,micro,ridge,1,0.06988724139061986,310.73438221097115
knn_k10,Calcium,micro,ridge,2,-0.22620593843138376,316.5674977618333
knn_k10,Calcium,micro,ridge,3,-0.8654822872338155,364.18823696464915
knn_k10,Calcium,micro,ridge,4,-0.3570514006242721,325.6821007848804
knn_k10,Calcium,micro,knr,0,0.47883402108502315,238.59563082950794
knn_k10,Calcium,micro,knr,1,0.4119037666511072,240.68105063976776
knn_k10,Calcium,micro,knr,2,0.4954431288008895,229.727299216395
knn_k10,Calcium,micro,knr,3,0.4142281441545384,236.38608451822165
knn_k10,Calcium,micro,knr,4,0.4350703171952775,237.6585603820421
knn_k10,Iron,micro,rf,0,0.08791501233114347,5.174238451691936
knn_k10,Iron,micro,rf,1,0.15263366209681284,4.988404439558876
knn_k10,Iron,micro,rf,2,0.1137402641352675,5.1940885377505825
knn_k10,Iron,micro,rf,3,0.11237068806952515,5.114579934864077
knn_k10,Iron,micro,rf,4,0.18653603473962335,5.039971149374283
knn_k10,Iron,micro,ridge,0,-0.7753344802530457,6.172171857990824
knn_k10,Iron,micro,ridge,1,-0.7082183557479229,6.055124743747504
knn_k10,Iron,micro,ridge,2,-0.14800179523120605,5.721793906123559
knn_k10,Iron,micro,ridge,3,-0.4517503210439354,6.034286624840004
knn_k10,Iron,micro,ridge,4,-0.7187756984696021,6.6956839354828315
knn_k10,Iron,micro,knr,0,0.040528646630037746,5.33261003723828
knn_k10,Iron,micro,knr,1,0.1137790382016132,5.119615107271515
knn_k10,Iron,micro,knr,2,0.04944390285756124,5.394066860682483
knn_k10,Iron,micro,knr,3,0.05061051608086018,5.367654434805097
knn_k10,Iron,micro,knr,4,-0.04581948856826843,5.589031965101421
knn_k10,Vitamin_C,micro,rf,0,0.4002318172009628,19.54837673769871
knn_k10,Vitamin_C,micro,rf,1,0.459876106837089,18.879988436870367
knn_k10,Vitamin_C,micro,rf,2,0.45468940758124654,18.559173206851703
knn_k10,Vitamin_C,micro,rf,3,0.45291865401980136,18.6478949398947
knn_k10,Vitamin_C,micro,rf,4,0.474725046825608,18.526924576966024
knn_k10,Vitamin_C,micro,ridge,0,0.12988377065160656,23.746826656994763
knn_k10,Vitamin_C,micro,ridge,1,0.051784516943991665,24.97410928272844
knn_k10,Vitamin_C,micro,ridge,2,0.07526809102157077,24.340110301567663
knn_k10,Vitamin_C,micro,ridge,3,0.11459503171664039,24.01752449798915
knn_k10,Vitamin_C,micro,ridge,4,0.1359143664843111,23.79667905752632
knn_k10,Vitamin_C,micro,knr,0,0.22778059915260407,22.55291929031876
knn_k10,Vitamin_C,micro,knr,1,0.19528484644337232,22.969275213659408
knn_k10,Vitamin_C,micro,knr,2,0.17341961639610995,23.185705630563685
knn_k10,Vitamin_C,micro,knr,3,0.18315981322367159,23.185612033569594
knn_k10,Vitamin_C,micro,knr,4,0.14226267546436833,23.722738951665338
softimpute,Protein,macro,rf,0,0.802226551128254,5.0556458169242555
softimpute,Protein,macro,rf,1,0.7976628118028654,5.114347049785917
softimpute,Protein,macro,rf,2,0.8082949045640264,4.931357380813831
softimpute,Protein,macro,rf,3,0.8069201260874237,4.967351401787517
softimpute,Protein,macro,rf,4,0.8061706797040211,5.012286237164595
softimpute,Protein,macro,ridge,0,0.6897792622468233,6.101520266880015
softimpute,Protein,macro,ridge,1,0.7370037056087277,5.563282776429551
softimpute,Protein,macro,ridge,2,0.7575438868440427,5.590854313881501
softimpute,Protein,macro,ridge,3,0.7642029930982082,5.2912957162310805
softimpute,Protein,macro,ridge,4,0.7042081745635859,5.920923037581221
softimpute,Protein,macro,knr,0,0.7440341455641353,5.785537639552532
softimpute,Protein,macro,knr,1,0.7352312298774157,5.81506038148097
softimpute,Protein,macro,knr,2,0.7440110885497762,5.751665235629691
softimpute,Protein,macro,knr,3,0.7230908294283676,5.961071502163664
softimpute,Protein,macro,knr,4,0.74036117903573,5.8047191884002824
softimpute,Fat,macro,rf,0,0.944810674078551,2.958474942953854
softimpute,Fat,macro,rf,1,0.9505038835122974,3.0298351986028624
softimpute,Fat,macro,rf,2,0.9527363029303343,2.910812901549692
softimpute,Fat,macro,rf,3,0.9510221426370042,3.0079959199017003
softimpute,Fat,macro,rf,4,0.9472291112694748,3.0830404515506675
softimpute,Fat,macro,ridge,0,0.89647785519453,2.9286214478533115
softimpute,Fat,macro,ridge,1,0.9413660236138955,3.0243233080293366
softimpute,Fat,macro,ridge,2,0.9660439930793892,2.420152205788638
softimpute,Fat,macro,ridge,3,0.9675105880208319,2.446528662263902
softimpute,Fat,macro,ridge,4,0.9670106091051774,2.378028166915474
softimpute,Fat,macro,knr,0,0.6962850638625634,6.7835983308356544
softimpute,Fat,macro,knr,1,0.7646063900646227,6.616082246636289
softimpute,Fat,macro,knr,2,0.7453115759048583,6.667778992434592
softimpute,Fat,macro,knr,3,0.7711635005412604,6.4504655893911975
softimpute,Fat,macro,knr,4,0.7562758817253833,6.571535802009135
softimpute,Carbohydrate,macro,rf,0,0.9181884882412368,7.063068647067839
softimpute,Carbohydrate,macro,rf,1,0.9216811705475869,6.81876041650703
softimpute,Carbohydrate,macro,rf,2,0.9198874974774632,6.956019457763634
softimpute,Carbohydrate,macro,rf,3,0.9094938891198707,7.427675535531546
softimpute,Carbohydrate,macro,rf,4,0.9230052687296183,6.883379635230706
softimpute,Carbohydrate,macro,ridge,0,0.9522990067844714,5.370577917630944
softimpute,Carbohydrate,macro,ridge,1,0.9468234308002355,5.421090541886864
softimpute,Carbohydrate,macro,ridge,2,0.9481530077729345,5.523805627635334
softimpute,Carbohydrate,macro,ridge,3,0.9494414621900974,5.485019427049141
softimpute,Carbohydrate,macro,ridge,4,0.9538104968610345,5.3174296271022
softimpute,Carbohydrate,macro,knr,0,0.8210229420325927,10.522270875379277
softimpute,Carbohydrate,macro,knr,1,0.8123674133378799,10.600787403637842
softimpute,Carbohydrate,macro,knr,2,0.8072181387299346,10.833850920605533
softimpute,Carbohydrate,macro,knr,3,0.8136162814954551,10.68509880631591
softimpute,Carbohydrate,macro,knr,4,0.8219838205187708,10.50326829962769
softimpute,Calcium,micro,rf,0,0.5129377060202911,230.56051129872785
softimpute,Calcium,micro,rf,1,0.4349835757068378,235.9938702062249
softimpute,Calcium,micro,rf,2,0.4924749449407707,230.5969972263352
softimpute,Calcium,micro,rf,3,0.37325346333069326,231.13508577962693
softimpute,Calcium,micro,rf,4,0.4287092854013621,237.3693106025713
softimpute,Calcium,micro,ridge,0,0.39136458890804876,260.39917882988067
softimpute,Calcium,micro,ridge,1,0.08431590946297354,316.93360536759553
softimpute,Calcium,micro,ridge,2,-0.6185408027563598,370.0366169622363
softimpute,Calcium,micro,ridge,3,-1.6011599283995566,364.9180957082067
softimpute,Calcium,micro,ridge,4,0.10103828682580589,295.046788984491
softimpute,Calcium,micro,knr,0,0.48076544695638856,237.77694548297404
softimpute,Calcium,micro,knr,1,0.4892875844657619,225.56692016162387
softimpute,Calcium,micro,knr,2,0.4779875061317641,232.66089519718162
softimpute,Calcium,micro,knr,3,0.46732472448364426,224.03478178833976
softimpute,Calcium,micro,knr,4,0.4902124619688209,227.64579535369208
softimpute,Iron,micro,rf,0,0.14810917252561911,5.024961912837212
softimpute,Iron,micro,rf,1,0.22479506799819973,4.789165658954662
softimpute,Iron,micro,rf,2,0.05907165369408807,5.313696921279259
softimpute,Iron,micro,rf,3,0.11618314637766422,5.0760158784911855
softimpute,Iron,micro,rf,4,0.194184297170536,5.015821040130219
softimpute,Iron,micro,ridge,0,-0.9683173703616739,6.362525126143356
softimpute,Iron,micro,ridge,1,-1.1481888012838153,6.600057023102131
softimpute,Iron,micro,ridge,2,-0.32356071359431143,6.016775068358517
softimpute,Iron,micro,ridge,3,-0.5293569291424933,6.175347732539411
softimpute,Iron,micro,ridge,4,-0.8194103483665003,6.854607068580259
softimpute,Iron,micro,knr,0,0.0566160556022989,5.30317390252105
softimpute,Iron,micro,knr,1,0.12368390448036741,5.083500396676145
softimpute,Iron,micro,knr,2,0.08951698040381992,5.301074636353077
softimpute,Iron,micro,knr,3,0.11130002410543324,5.235967943460503
softimpute,Iron,micro,knr,4,0.04382327523259795,5.364885776134187
softimpute,Vitamin_C,micro,rf,0,0.6307140276164909,15.315465301228793
softimpute,Vitamin_C,micro,rf,1,0.6731341921521287,14.382124035823546
softimpute,Vitamin_C,micro,rf,2,0.5900454589923111,15.090622702531373
softimpute,Vitamin_C,micro,rf,3,0.6887630742609235,14.178533709695149
softimpute,Vitamin_C,micro,rf,4,0.6358664475934512,15.219460248991073
softimpute,Vitamin_C,micro,ridge,0,0.07298086837640061,24.150878097096168
softimpute,Vitamin_C,micro,ridge,1,0.1624550754409107,23.420749245846412
softimpute,Vitamin_C,micro,ridge,2,0.0031807157422472977,24.056689564052835
softimpute,Vitamin_C,micro,ridge,3,0.17136316555516376,23.173709634616976
softimpute,Vitamin_C,micro,ridge,4,0.15332491465897297,23.348130657862878
softimpute,Vitamin_C,micro,knr,0,0.3879968530978286,19.89322061420963
softimpute,Vitamin_C,micro,knr,1,0.408285933536495,19.269491661468983
softimpute,Vitamin_C,micro,knr,2,0.4192216212180077,19.013569837123942
softimpute,Vitamin_C,micro,knr,3,0.45284593578862326,19.034105082753577
softimpute,Vitamin_C,micro,knr,4,0.43005685687707534,19.027161797610706
masked_nmf,Protein,macro,rf,0,0.7740133832055335,5.4519180687265285
masked_nmf,Protein,macro,rf,1,0.7658905313615767,5.555999009907318
masked_nmf,Protein,macro,rf,2,0.7473386359539269,5.7460135103976295
masked_nmf,Protein,macro,rf,3,0.7554008868318473,5.535877850652653
masked_nmf,Protein,macro,rf,4,0.7722270770666763,5.43666097266684
masked_nmf,Protein,macro,ridge,0,0.6586811636894669,6.6092891811241214
masked_nmf,Protein,macro,ridge,1,0.6683550830516752,6.562912363839244
masked_nmf,Protein,macro,ridge,2,0.6566594982030363,6.604303653134499
masked_nmf,Protein,macro,ridge,3,0.6595200416674549,6.569330739620909
masked_nmf,Protein,macro,ridge,4,0.6620405906625951,6.596954151931999
masked_nmf,Protein,macro,knr,0,0.7400511610407119,5.842288675482857
masked_nmf,Protein,macro,knr,1,0.7478344076521282,5.758915428568905
masked_nmf,Protein,macro,knr,2,0.7423244845198549,5.813926614838706
masked_nmf,Protein,macro,knr,3,0.723622271605804,5.950248894556649
masked_nmf,Protein,macro,knr,4,0.732656561635147,5.899335644255785
masked_nmf,Fat,macro,rf,0,0.6514353733138013,7.643077683064179
masked_nmf,Fat,macro,rf,1,0.6534293054812904,7.8132512105576755
masked_nmf,Fat,macro,rf,2,0.6663056428417677,7.7822856043553
masked_nmf,Fat,macro,rf,3,0.694965396732268,7.507383870818812
masked_nmf,Fat,macro,rf,4,0.6977547054975897,7.494237004725214
masked_nmf,Fat,macro,ridge,0,0.49249140995156804,9.526100858070643
masked_nmf,Fat,macro,ridge,1,0.49041940763712716,9.687436133550229
masked_nmf,Fat,macro,ridge,2,0.476257428868898,9.778912448468498
masked_nmf,Fat,macro,ridge,3,0.495557933132787,9.702834569943269
masked_nmf,Fat,macro,ridge,4,0.49624100298801965,9.685261084798778
masked_nmf,Fat,macro,knr,0,0.5509514123804966,8.598112255600922
masked_nmf,Fat,macro,knr,1,0.5791248024034539,8.520051444157854
masked_nmf,Fat,macro,knr,2,0.6019748405797865,8.450998462334896
masked_nmf,Fat,macro,knr,3,0.6390855526007584,8.130431227816175
masked_nmf,Fat,macro,knr,4,0.6360824652572103,8.214705420951262
masked_nmf,Carbohydrate,macro,rf,0,0.990990977614881,2.3606632513402435
masked_nmf,Carbohydrate,macro,rf,1,0.9901157633125525,2.4191036508531325
masked_nmf,Carbohydrate,macro,rf,2,0.9904501069677887,2.4165961007402563
masked_nmf,Carbohydrate,macro,rf,3,0.9912649037525896,2.3059773682395375
masked_nmf,Carbohydrate,macro,rf,4,0.9902248855557456,2.3984141986602023
masked_nmf,Carbohydrate,macro,ridge,0,0.9899809068543757,2.494484254303031
masked_nmf,Carbohydrate,macro,ridge,1,0.9897210780296085,2.491819794004028
masked_nmf,Carbohydrate,macro,ridge,2,0.9899946373561553,2.4868012228509015
masked_nmf,Carbohydrate,macro,ridge,3,0.9898267031594624,2.4813080757698476
masked_nmf,Carbohydrate,macro,ridge,4,0.9897211831873227,2.498353977000038
masked_nmf,Carbohydrate,macro,knr,0,0.9870538608381908,2.8047576677794988
masked_nmf,Carbohydrate,macro,knr,1,0.9863546046962128,2.8520402914861087
masked_nmf,Carbohydrate,macro,knr,2,0.9855896137661858,2.9438607833754302
masked_nmf,Carbohydrate,macro,knr,3,0.9872452785304009,2.7649819099690456
masked_nmf,Carbohydrate,macro,knr,4,0.9867480404122186,2.8130735347383022
masked_nmf,Calcium,micro,rf,0,0.20668524544969405,291.263645381692
masked_nmf,Calcium,micro,rf,1,-0.011515232729718439,307.3568345787767
masked_nmf,Calcium,micro,rf,2,0.16599053401926234,296.62853527422305
masked_nmf,Calcium,micro,rf,3,0.2043469826204249,270.3594868594962
masked_nmf,Calcium,micro,rf,4,0.016862789827926328,311.15091612303576
masked_nmf,Calcium,micro,ridge,0,0.16148947603975988,305.2059359808356
masked_nmf,Calcium,micro,ridge,1,0.10840038927854737,294.06920085225687
masked_nmf,Calcium,micro,ridge,2,0.19877505711076143,294.5975062023755
masked_nmf,Calcium,micro,ridge,3,0.02627522361865404,298.63136483638385
masked_nmf,Calcium,micro,ridge,4,0.14256381671211546,302.30665561005753
masked_nmf,Calcium,micro,knr,0,0.18570267832360426,297.20672934650065
masked_nmf,Calcium,micro,knr,1,0.03950722958855013,305.5631311865268
masked_nmf,Calcium,micro,knr,2,0.20009536565696653,292.9518905841522
masked_nmf,Calcium,micro,knr,3,0.10781524009099061,290.64510092773054
masked_nmf,Calcium,micro,knr,4,0.0447944813302815,317.2530861924304
masked_nmf,Iron,micro,rf,0,-0.01681179851488699,5.508331529793373
masked_nmf,Iron,micro,rf,1,-0.01683778941979992,5.437473938753163
masked_nmf,Iron,micro,rf,2,-0.05684190571928445,5.694305015703023
masked_nmf,Iron,micro,rf,3,-0.14654775749813798,5.773538625960618
masked_nmf,Iron,micro,rf,4,-0.07929339268119415,5.710302599460159
masked_nmf,Iron,micro,ridge,0,0.09682468379911913,5.207178888338994
masked_nmf,Iron,micro,ridge,1,0.08943724526314414,5.184499026398957
masked_nmf,Iron,micro,ridge,2,0.0866187305042557,5.329765079240535
masked_nmf,Iron,micro,ridge,3,0.10957292380698021,5.215261291735809
masked_nmf,Iron,micro,ridge,4,0.0996886411759041,5.295346751459877
masked_nmf,Iron,micro,knr,0,-0.0785767246012945,5.613061693871094
masked_nmf,Iron,micro,knr,1,-0.09592319310269752,5.6093216210596335
masked_nmf,Iron,micro,knr,2,-0.06823298674024639,5.701530480062359
masked_nmf,Iron,micro,knr,3,-0.18367025092800818,5.777845155829054
masked_nmf,Iron,micro,knr,4,-0.06475124991160819,5.694284886751057
masked_nmf,Vitamin_C,micro,rf,0,-0.046233600181309883,26.210198000407892
masked_nmf,Vitamin_C,micro,rf,1,-0.07908347927133134,26.674161043494298
masked_nmf,Vitamin_C,micro,rf,2,-0.08546090717709989,26.450688531050595
masked_nmf,Vitamin_C,micro,rf,3,-0.030029790992395534,25.710406343464133
masked_nmf,Vitamin_C,micro,rf,4,-0.01312397926792277,25.929666688194082
masked_nmf,Vitamin_C,micro,ridge,0,0.05661081263164789,25.022220429005852
masked_nmf,Vitamin_C,micro,ridge,1,0.034861327661780336,25.339020623013763
masked_nmf,Vitamin_C,micro,ridge,2,0.0483913988588474,25.01299545690113
masked_nmf,Vitamin_C,micro,ridge,3,0.05935780869109741,24.926255486423237
masked_nmf,Vitamin_C,micro,ridge,4,0.061255503260769076,25.027092772831242
masked_nmf,Vitamin_C,micro,knr,0,-0.04617538236915657,26.20611033131455
masked_nmf,Vitamin_C,micro,knr,1,-0.039055841383410984,26.149273452616285
masked_nmf,Vitamin_C,micro,knr,2,-0.10103250570422947,26.575612529729405
masked_nmf,Vitamin_C,micro,knr,3,-0.014438642674884972,25.571977242400497
masked_nmf,Vitamin_C,micro,knr,4,-0.036800028812838545,26.06708520018779
mice,Protein,macro,rf,0,0.7732665171370037,5.431677764362794
mice,Protein,macro,rf,1,0.7678175580522002,5.500524904932634
mice,Protein,macro,rf,2,0.7736716028125209,5.376004013528885
mice,Protein,macro,rf,3,0.7716109183440457,5.422770010927768
mice,Protein,macro,rf,4,0.7644857266481043,5.543963521122678
mice,Protein,macro,ridge,0,0.5887496244827753,6.387862236618947
mice,Protein,macro,ridge,1,0.5902713728391841,6.465220525562534
mice,Protein,macro,ridge,2,0.6437762204450462,6.299773629451673
mice,Protein,macro,ridge,3,0.710437028478292,5.555155627059562
mice,Protein,macro,ridge,4,0.6320984268006068,6.289974841338877
mice,Protein,macro,knr,0,0.7122678751393676,6.139209553866816
mice,Protein,macro,knr,1,0.6872672080530344,6.353819972888157
mice,Protein,macro,knr,2,0.7186320686623271,6.0463452090802035
mice,Protein,macro,knr,3,0.6917742188415706,6.265606793161957
mice,Protein,macro,knr,4,0.6998291337706852,6.245202636564407
mice,Fat,macro,rf,0,0.9438284163019347,2.9920763000477932
mice,Fat,macro,rf,1,0.9517740347112802,2.985984557178815
mice,Fat,macro,rf,2,0.9533966173649219,2.8912877260131333
mice,Fat,macro,rf,3,0.9502873860732184,3.032133741809654
mice,Fat,macro,rf,4,0.9489506448003425,3.012525036614606
mice,Fat,macro,ridge,0,0.9440502700367212,2.5611487829047004
mice,Fat,macro,ridge,1,0.9589453466671264,2.701088892086152
mice,Fat,macro,ridge,2,0.9679662016652077,2.372542763265046
mice,Fat,macro,ridge,3,0.9683414774551954,2.4130946239315203
mice,Fat,macro,ridge,4,0.9663684633978095,2.3770692605651895
mice,Fat,macro,knr,0,0.6857737761066891,6.9634635526954245
mice,Fat,macro,knr,1,0.7622256130914314,6.6499011827997405
mice,Fat,macro,knr,2,0.7329057603848455,6.850045770686831
mice,Fat,macro,knr,3,0.7427645003809801,6.812345060870359
mice,Fat,macro,knr,4,0.7345692115866107,6.869055303461844
mice,Carbohydrate,macro,rf,0,0.9151968985829095,7.209551271790472
mice,Carbohydrate,macro,rf,1,0.9197496019831277,6.876551641221781
mice,Carbohydrate,macro,rf,2,0.9167164261120317,7.074698984863607
mice,Carbohydrate,macro,rf,3,0.9124851745150038,7.284998622797213
mice,Carbohydrate,macro,rf,4,0.9192180741545961,7.054010209574076
mice,Carbohydrate,macro,ridge,0,0.9506493841398772,5.464847496602274
mice,Carbohydrate,macro,ridge,1,0.9477816286329593,5.33178253808407
mice,Carbohydrate,macro,ridge,2,0.9476666322923604,5.5963463218647735
mice,Carbohydrate,macro,ridge,3,0.94051212181703,5.780571033339507
mice,Carbohydrate,macro,ridge,4,0.9517789287084841,5.41931985602488
mice,Carbohydrate,macro,knr,0,0.8237383265226639,10.451493938569872
mice,Carbohydrate,macro,knr,1,0.8221092061509827,10.325774689424673
mice,Carbohydrate,macro,knr,2,0.8085048369167014,10.818375382973791
mice,Carbohydrate,macro,knr,3,0.8177445543615122,10.58252455172949
mice,Carbohydrate,macro,knr,4,0.8226374708017543,10.49122761627676
mice,Calcium,micro,rf,0,0.4752494100545855,240.62184672128774
mice,Calcium,micro,rf,1,0.4109912358933278,240.75405792147632
mice,Calcium,micro,rf,2,0.4953030620325081,231.80680488132498
mice,Calcium,micro,rf,3,0.2841642480402082,245.4925100684082
mice,Calcium,micro,rf,4,0.352346080696622,251.45368869926924
mice,Calcium,micro,ridge,0,0.42941093073960424,252.77440856729282
mice,Calcium,micro,ridge,1,0.1222444265506962,289.04977285869694
mice,Calcium,micro,ridge,2,-0.02364587894470762,305.08440370513785
mice,Calcium,micro,ridge,3,-0.31935940740637997,302.6056335185882
mice,Calcium,micro,ridge,4,0.3288286600044298,259.714265350539
mice,Calcium,micro,knr,0,0.46001786370804243,241.61739439551633
mice,Calcium,micro,knr,1,0.43676895204963717,236.80115906605974
mice,Calcium,micro,knr,2,0.4342615083812061,241.57412715041664
mice,Calcium,micro,knr,3,0.42675087831145886,231.0839559655185
mice,Calcium,micro,knr,4,0.4485980322945622,234.7820988363771
mice,Iron,micro,rf,0,0.1648466158277261,5.009777023091386
mice,Iron,micro,rf,1,0.2697209080953707,4.679428032977696
mice,Iron,micro,rf,2,0.18238513997060551,5.060079991523349
mice,Iron,micro,rf,3,0.09586130689935271,5.102344987858728
mice,Iron,micro,rf,4,0.24115256393820142,4.882071405194468
mice,Iron,micro,ridge,0,0.06512707903200991,5.350761909536944
mice,Iron,micro,ridge,1,0.048795873666790654,5.278161328440459
mice,Iron,micro,ridge,2,-0.016999983449215626,5.508520150328462
mice,Iron,micro,ridge,3,-0.06149169781702439,5.610729256006593
mice,Iron,micro,ridge,4,-0.03666474100205217,5.559529644220948
mice,Iron,micro,knr,0,0.07501095855349091,5.253695317275232
mice,Iron,micro,knr,1,0.08291352393490514,5.1542820259938384
mice,Iron,micro,knr,2,0.11793498874214248,5.230119382356864
mice,Iron,micro,knr,3,0.07431849433783973,5.307621157206275
mice,Iron,micro,knr,4,0.021735258896116206,5.438380549388707
mice,Vitamin_C,micro,rf,0,0.310804850352781,21.134716352148594
mice,Vitamin_C,micro,rf,1,0.3379983960605907,20.899015639995284
mice,Vitamin_C,micro,rf,2,0.35776752906501585,20.410625386388254
mice,Vitamin_C,micro,rf,3,0.29301693298603737,21.165934186935807
mice,Vitamin_C,micro,rf,4,0.3256137026516144,20.91457278115055
mice,Vitamin_C,micro,ridge,0,0.009894534956084899,25.0636580455703
mice,Vitamin_C,micro,ridge,1,-0.0029528000022037483,25.413146734028818
mice,Vitamin_C,micro,ridge,2,-0.08365135823495132,25.606425360154525
mice,Vitamin_C,micro,ridge,3,0.02157866743303738,25.15043853946522
mice,Vitamin_C,micro,ridge,4,0.0783493573514843,24.35335579096106
mice,Vitamin_C,micro,knr,0,0.2425961044063169,22.361554584293973
mice,Vitamin_C,micro,knr,1,0.19908138163429473,22.99135728720343
mice,Vitamin_C,micro,knr,2,0.24203005060245686,22.105996578071732
mice,Vitamin_C,micro,knr,3,0.2368198104294507,22.317551672247053
mice,Vitamin_C,micro,knr,4,0.2488316977308264,22.19025214763057
iterativesvd,Protein,macro,rf,0,0.7922692667017462,5.177525928231146
iterativesvd,Protein,macro,rf,1,0.7926266196960776,5.187779610213132
iterativesvd,Protein,macro,rf,2,0.7976407710199886,5.0700265557860025
iterativesvd,Protein,macro,rf,3,0.7955766593619694,5.111760034382479
iterativesvd,Protein,macro,rf,4,0.7999618894859615,5.082318439751086
iterativesvd,Protein,macro,ridge,0,0.7113436733341196,5.915236972912436
iterativesvd,Protein,macro,ridge,1,0.7330903629833126,5.555508139855151
iterativesvd,Protein,macro,ridge,2,0.7625638245139006,5.517840726494074
iterativesvd,Protein,macro,ridge,3,0.770027685423919,5.237325529571003
iterativesvd,Protein,macro,ridge,4,0.7190240310269672,5.797260295313333
iterativesvd,Protein,macro,knr,0,0.7425651923110876,5.777515664001838
iterativesvd,Protein,macro,knr,1,0.7428635622011498,5.753159160920352
iterativesvd,Protein,macro,knr,2,0.7394173700980009,5.7916027065713465
iterativesvd,Protein,macro,knr,3,0.7389673470388095,5.815012333004376
iterativesvd,Protein,macro,knr,4,0.7481630427736078,5.712998850134838
iterativesvd,Fat,macro,rf,0,0.9435423430983836,2.9818566077596773
iterativesvd,Fat,macro,rf,1,0.9463698498911391,3.149869971024484
iterativesvd,Fat,macro,rf,2,0.9515023185950776,2.962914903674421
iterativesvd,Fat,macro,rf,3,0.947897569767645,3.09512557487954
iterativesvd,Fat,macro,rf,4,0.9460801709637074,3.1249311263465267
iterativesvd,Fat,macro,ridge,0,0.8987983399013937,2.9075545585002187
iterativesvd,Fat,macro,ridge,1,0.9437212713190253,2.984533707264393
iterativesvd,Fat,macro,ridge,2,0.965803175631508,2.424105514581668
iterativesvd,Fat,macro,ridge,3,0.9677379505461066,2.437479794868292
iterativesvd,Fat,macro,ridge,4,0.9670621617666884,2.377120536337853
iterativesvd,Fat,macro,knr,0,0.6926399654195159,6.8643104995243736
iterativesvd,Fat,macro,knr,1,0.758447534151626,6.678226874611518
iterativesvd,Fat,macro,knr,2,0.7494639572759361,6.606837548714926
iterativesvd,Fat,macro,knr,3,0.7622804248316432,6.58835070829239
iterativesvd,Fat,macro,knr,4,0.7481520307435755,6.68487737044814
iterativesvd,Carbohydrate,macro,rf,0,0.9170548444642431,7.130500868227477
iterativesvd,Carbohydrate,macro,rf,1,0.9213624686815839,6.817791586018801
iterativesvd,Carbohydrate,macro,rf,2,0.9233338091643188,6.8259264351792215
iterativesvd,Carbohydrate,macro,rf,3,0.9140692259474426,7.230837984280662
iterativesvd,Carbohydrate,macro,rf,4,0.9253650256071262,6.782334232839041
iterativesvd,Carbohydrate,macro,ridge,0,0.9523475618311703,5.36391903976273
iterativesvd,Carbohydrate,macro,ridge,1,0.9473017122610239,5.3870368772807
iterativesvd,Carbohydrate,macro,ridge,2,0.9481679289606362,5.515288595909787
iterativesvd,Carbohydrate,macro,ridge,3,0.9509669871653855,5.41786459463641
iterativesvd,Carbohydrate,macro,ridge,4,0.9540825113250102,5.303472061990272
iterativesvd,Carbohydrate,macro,knr,0,0.8289270994042035,10.311732241819998
iterativesvd,Carbohydrate,macro,knr,1,0.8202545261912162,10.369285410842576
iterativesvd,Carbohydrate,macro,knr,2,0.8212877922886761,10.456778994990499
iterativesvd,Carbohydrate,macro,knr,3,0.8172979166729915,10.583843085523611
iterativesvd,Carbohydrate,macro,knr,4,0.8261048637432472,10.377759170534016
iterativesvd,Calcium,micro,rf,0,0.5210134568512098,229.41942133322655
iterativesvd,Calcium,micro,rf,1,0.4156806932073585,240.41687708171384
iterativesvd,Calcium,micro,rf,2,0.4672797202784382,236.13696284691446
iterativesvd,Calcium,micro,rf,3,0.37465810308589764,231.09547040010165
iterativesvd,Calcium,micro,rf,4,0.4145364933338607,240.23909793500144
iterativesvd,Calcium,micro,ridge,0,0.3209233558056168,274.98772009517995
iterativesvd,Calcium,micro,ridge,1,0.06227026040780759,322.3456316339037
iterativesvd,Calcium,micro,ridge,2,-0.6173264425273141,364.1768847656941
iterativesvd,Calcium,micro,ridge,3,-1.845433559904695,349.58928982066243
iterativesvd,Calcium,micro,ridge,4,0.27038469886953714,269.7660499605316
iterativesvd,Calcium,micro,knr,0,0.4864895569600214,237.19019174335835
iterativesvd,Calcium,micro,knr,1,0.4672119748601958,230.09313180215076
iterativesvd,Calcium,micro,knr,2,0.52076356427021,226.55666229382032
iterativesvd,Calcium,micro,knr,3,0.445216242935513,230.03625314361165
iterativesvd,Calcium,micro,knr,4,0.4858596553754052,230.2537800749467
iterativesvd,Iron,micro,rf,0,0.20595691366564656,4.895465802444869
iterativesvd,Iron,micro,rf,1,0.2508758375062855,4.706689753543626
iterativesvd,Iron,micro,rf,2,0.1449273236321603,5.143029406810268
iterativesvd,Iron,micro,rf,3,0.1372863853354511,5.026359385420026
iterativesvd,Iron,micro,rf,4,0.22371139512853144,4.917076430595081
iterativesvd,Iron,micro,ridge,0,-1.651450748425674,6.786009053092782
iterativesvd,Iron,micro,ridge,1,-1.841593171836204,7.0132102616962015
iterativesvd,Iron,micro,ridge,2,-0.6577199586761292,6.354706826843108
iterativesvd,Iron,micro,ridge,3,-0.9512265615383264,6.526873356808349
iterativesvd,Iron,micro,ridge,4,-1.123178510048748,7.192400246467183
iterativesvd,Iron,micro,knr,0,0.0489533729132577,5.3197100928570356
iterativesvd,Iron,micro,knr,1,0.09815580505290393,5.154728257996273
iterativesvd,Iron,micro,knr,2,0.05406007203655601,5.407005516519168
iterativesvd,Iron,micro,knr,3,0.10892411164182617,5.263247562006931
iterativesvd,Iron,micro,knr,4,-0.02661918820617013,5.569824281540951
iterativesvd,Vitamin_C,micro,rf,0,0.36902308524328886,20.084466521767812
iterativesvd,Vitamin_C,micro,rf,1,0.4349776051050278,19.32303758893786
iterativesvd,Vitamin_C,micro,rf,2,0.3868258740617768,19.84432883908409
iterativesvd,Vitamin_C,micro,rf,3,0.37486259765826696,19.926616539038207
iterativesvd,Vitamin_C,micro,rf,4,0.3909312057796076,19.73744592359029
iterativesvd,Vitamin_C,micro,ridge,0,0.20079423618178488,22.83172408065392
iterativesvd,Vitamin_C,micro,ridge,1,0.09140498580573993,24.2435191132298
iterativesvd,Vitamin_C,micro,ridge,2,-0.23583586149388375,25.832423357700073
iterativesvd,Vitamin_C,micro,ridge,3,0.09353159223773552,24.174647753081793
iterativesvd,Vitamin_C,micro,ridge,4,0.14156626358394614,23.356426093796326
iterativesvd,Vitamin_C,micro,knr,0,0.31988049336967084,21.062155570271745
iterativesvd,Vitamin_C,micro,knr,1,0.2807230463934557,21.649896341384963
iterativesvd,Vitamin_C,micro,knr,2,0.2925418269188935,21.31620505077696
iterativesvd,Vitamin_C,micro,knr,3,0.28744611261073016,21.47662054072494
iterativesvd,Vitamin_C,micro,knr,4,0.3276559349867737,20.77688274954437
missforest,Protein,macro,rf,0,0.7421220367866814,5.797883903193652
missforest,Protein,macro,rf,1,0.7320135884489456,5.918240655813838
missforest,Protein,macro,rf,2,0.7202777391400914,5.9667570345066
missforest,Protein,macro,rf,3,0.7284289418573946,5.9089877813775145
missforest,Protein,macro,rf,4,0.7311921709726358,5.907471694842235
missforest,Protein,macro,ridge,0,0.6568190548502302,6.078506043900372
missforest,Protein,macro,ridge,1,0.7377093733501991,5.529569895955926
missforest,Protein,macro,ridge,2,0.814859111945918,4.921025151325617
missforest,Protein,macro,ridge,3,0.723764847785722,5.466588984397948
missforest,Protein,macro,ridge,4,0.6321125477059159,6.279855441944638
missforest,Protein,macro,knr,0,0.6949250250797501,6.330679796140542
missforest,Protein,macro,knr,1,0.6703799600795894,6.542188018544917
missforest,Protein,macro,knr,2,0.6772303219034979,6.433610330731296
missforest,Protein,macro,knr,3,0.6852069225434393,6.316666062169944
missforest,Protein,macro,knr,4,0.6766863352957302,6.484227008400533
missforest,Fat,macro,rf,0,0.94336189914374,2.9917137079610057
missforest,Fat,macro,rf,1,0.9502250412726528,3.032489461289525
missforest,Fat,macro,rf,2,0.9524944102183044,2.920786772697713
missforest,Fat,macro,rf,3,0.9505741937122248,3.0226120486456223
missforest,Fat,macro,rf,4,0.9468051947214212,3.0808421225802767
missforest,Fat,macro,ridge,0,0.9472724275862895,2.473084360769737
missforest,Fat,macro,ridge,1,0.9675342934429345,2.4290858038296435
missforest,Fat,macro,ridge,2,0.9687902109893202,2.342875694054696
missforest,Fat,macro,ridge,3,0.9696253142138656,2.3498870390065574
missforest,Fat,macro,ridge,4,0.9672613094473853,2.369565635923889
missforest,Fat,macro,knr,0,0.7299106469577562,6.672845198800198
missforest,Fat,macro,knr,1,0.7778748135826976,6.435884120386985
missforest,Fat,macro,knr,2,0.8034244048932024,6.029243732773763
missforest,Fat,macro,knr,3,0.8059412268074606,5.994792276476337
missforest,Fat,macro,knr,4,0.797634979545945,6.112680190344217
missforest,Carbohydrate,macro,rf,0,0.9124634985196906,7.3308901099867025
missforest,Carbohydrate,macro,rf,1,0.9168413619657917,7.03733059574118
missforest,Carbohydrate,macro,rf,2,0.915077704867594,7.163680669483139
missforest,Carbohydrate,macro,rf,3,0.9044736719024005,7.58958154500265
missforest,Carbohydrate,macro,rf,4,0.9176660702170627,7.124953512994496
missforest,Carbohydrate,macro,ridge,0,0.9535786030242832,5.290004398322022
missforest,Carbohydrate,macro,ridge,1,0.9499940487286423,5.1681132483802825
missforest,Carbohydrate,macro,ridge,2,0.9503691158813133,5.426224242239135
missforest,Carbohydrate,macro,ridge,3,0.9532323336729318,5.302606217189467
missforest,Carbohydrate,macro,ridge,4,0.9541092174782454,5.301422667725019
missforest,Carbohydrate,macro,knr,0,0.832396524776053,10.18633824792502
missforest,Carbohydrate,macro,knr,1,0.8138710293099415,10.54169964916445
missforest,Carbohydrate,macro,knr,2,0.8190975401570061,10.55571337224393
missforest,Carbohydrate,macro,knr,3,0.819278770611089,10.518502335717212
missforest,Carbohydrate,macro,knr,4,0.8325976455023154,10.170757769511294
missforest,Calcium,micro,rf,0,0.47395621027585194,240.23895766841315
missforest,Calcium,micro,rf,1,0.39273026134920774,242.18620817298242
missforest,Calcium,micro,rf,2,0.471189665740972,234.60049143815218
missforest,Calcium,micro,rf,3,0.3549733435149428,233.9106785778732
missforest,Calcium,micro,rf,4,0.34645672480437595,247.67695847293294
missforest,Calcium,micro,ridge,0,0.19792234611132403,292.4150357676982
missforest,Calcium,micro,ridge,1,-0.3076989261096467,344.3568918114411
missforest,Calcium,micro,ridge,2,-0.9248934341271721,364.8278022397872
missforest,Calcium,micro,ridge,3,-1.0915150108387803,396.1984976810411
missforest,Calcium,micro,ridge,4,-0.9116041808549677,358.70899108997713
missforest,Calcium,micro,knr,0,0.4352879804833524,248.20558409028308
missforest,Calcium,micro,knr,1,0.3734779543040344,245.6771999383587
missforest,Calcium,micro,knr,2,0.4189063686272322,243.85764208037827
missforest,Calcium,micro,knr,3,0.44801247732237226,231.39039979991603
missforest,Calcium,micro,knr,4,0.4182759161635669,239.7368535606698
missforest,Iron,micro,rf,0,0.28791867766772283,4.69977748465474
missforest,Iron,micro,rf,1,0.33663189455735304,4.4912773843275495
missforest,Iron,micro,rf,2,0.23720703818564157,4.902175967227899
missforest,Iron,micro,rf,3,0.18604582358300678,4.889457258936259
missforest,Iron,micro,rf,4,0.23824494845308597,4.86836895762825
missforest,Iron,micro,ridge,0,-0.1001589973175057,5.75469917599696
missforest,Iron,micro,ridge,1,-0.8260719834445078,6.824283515837749
missforest,Iron,micro,ridge,2,-0.8889346507079967,6.8358536391847124
missforest,Iron,micro,ridge,3,-0.38559421951999534,6.278084513890346
missforest,Iron,micro,ridge,4,-0.6659159517712573,6.686649484444599
missforest,Iron,micro,knr,0,0.10447318424004197,5.180869197282736
missforest,Iron,micro,knr,1,0.11726298878812318,5.090972012359705
missforest,Iron,micro,knr,2,0.1007019642166139,5.277315904853789
missforest,Iron,micro,knr,3,0.08640805027245398,5.256194686648975
missforest,Iron,micro,knr,4,0.05811509804926103,5.328127304654236
missforest,Vitamin_C,micro,rf,0,0.27084479243948234,21.805703764824294
missforest,Vitamin_C,micro,rf,1,0.26869683585953447,22.037814311762997
missforest,Vitamin_C,micro,rf,2,0.2779266435602013,21.59036342531295
missforest,Vitamin_C,micro,rf,3,0.2592345830645758,21.870783891438514
missforest,Vitamin_C,micro,rf,4,0.26848442225433444,21.76531980199467
missforest,Vitamin_C,micro,ridge,0,0.16032845867242024,23.505184348716703
missforest,Vitamin_C,micro,ridge,1,0.030897376419500834,25.263732824135783
missforest,Vitamin_C,micro,ridge,2,-0.16532609145502247,26.076964910981633
missforest,Vitamin_C,micro,ridge,3,0.08608443974736715,24.36761224259321
missforest,Vitamin_C,micro,ridge,4,0.05325109551372764,24.574671879105004
missforest,Vitamin_C,micro,knr,0,0.2228199299244856,22.56919802760454
missforest,Vitamin_C,micro,knr,1,0.18711455990580947,23.113917620710637
missforest,Vitamin_C,micro,knr,2,0.1594389209878439,23.24563035042969
missforest,Vitamin_C,micro,knr,3,0.17148283069440218,23.392096356260012
missforest,Vitamin_C,micro,knr,4,0.19177358885883847,23.06176670785057
pica,Protein,macro,rf,0,0.758097286907957,5.626620027531832
pica,Protein,macro,rf,1,0.7515404232330851,5.6904465619021956
pica,Protein,macro,rf,2,0.7578117908368182,5.5877189005253225
pica,Protein,macro,rf,3,0.7569810910974997,5.602481666837066
pica,Protein,macro,rf,4,0.7563186116388019,5.636329257763019
pica,Protein,macro,ridge,0,0.738740246223809,5.691640486396989
pica,Protein,macro,ridge,1,0.7668866838169848,5.372118816559852
pica,Protein,macro,ridge,2,0.7992113437148184,5.135598088288296
pica,Protein,macro,ridge,3,0.7906304241266336,5.006190704266552
pica,Protein,macro,ridge,4,0.7590775295585714,5.481452761241784
pica,Protein,macro,knr,0,0.6862323553397072,6.4192571436210955
pica,Protein,macro,knr,1,0.6795534130658047,6.445512878875405
pica,Protein,macro,knr,2,0.6952816348229465,6.3123685354871215
pica,Protein,macro,knr,3,0.6625610969426475,6.574315300708586
pica,Protein,macro,knr,4,0.6659490244711235,6.57118209388963
pica,Fat,macro,rf,0,0.9440575141247717,2.9704367160642606
pica,Fat,macro,rf,1,0.9525188721755278,2.9685701390016126
pica,Fat,macro,rf,2,0.954566862856186,2.8582303581620594
pica,Fat,macro,rf,3,0.9516761897344758,2.988737436660553
pica,Fat,macro,rf,4,0.9475881613564183,3.07944061403512
pica,Fat,macro,ridge,0,0.8940244226364813,2.9500235468040197
pica,Fat,macro,ridge,1,0.9416094466358393,3.011298598343455
pica,Fat,macro,ridge,2,0.9661590948138243,2.4127540166981047
pica,Fat,macro,ridge,3,0.9684118109817987,2.4092699351961544
pica,Fat,macro,ridge,4,0.9670083980800346,2.3742161061920704
pica,Fat,macro,knr,0,0.6915275311922569,6.926595122018672
pica,Fat,macro,knr,1,0.7578135075359145,6.700124024989805
pica,Fat,macro,knr,2,0.7295230775420336,6.868003914269147
pica,Fat,macro,knr,3,0.7472767066045741,6.740907228502382
pica,Fat,macro,knr,4,0.7320172478294544,6.882548791537528
pica,Carbohydrate,macro,rf,0,0.9191997642415825,7.027382148346435
pica,Carbohydrate,macro,rf,1,0.9202541863068887,6.8806713755608655
pica,Carbohydrate,macro,rf,2,0.9207264767796495,6.886392567664862
pica,Carbohydrate,macro,rf,3,0.913279796097435,7.244093849095236
pica,Carbohydrate,macro,rf,4,0.9225506662114406,6.910478012520004
pica,Carbohydrate,macro,ridge,0,0.9496600831812249,5.532430112036874
pica,Carbohydrate,macro,ridge,1,0.939117521100935,5.8742004645410395
pica,Carbohydrate,macro,ridge,2,0.9455292017199687,5.621835992760222
pica,Carbohydrate,macro,ridge,3,0.9507257283447095,5.468943671151374
pica,Carbohydrate,macro,ridge,4,0.9518936740456384,5.4161799829504425
pica,Carbohydrate,macro,knr,0,0.8237243320514711,10.433817676683455
pica,Carbohydrate,macro,knr,1,0.8137016103397954,10.614299444249832
pica,Carbohydrate,macro,knr,2,0.8108862139079804,10.770409446282098
pica,Carbohydrate,macro,knr,3,0.816077402647362,10.62410130530142
pica,Carbohydrate,macro,knr,4,0.8205304941278768,10.554641014299857
pica,Calcium,micro,rf,0,0.49344886356699946,236.23263235364826
pica,Calcium,micro,rf,1,0.4097520562408972,239.50108096490712
pica,Calcium,micro,rf,2,0.5006277236179935,230.83968542357448
pica,Calcium,micro,rf,3,0.2944273507660946,239.57165679158396
pica,Calcium,micro,rf,4,0.3647889125404923,247.30800375400568
pica,Calcium,micro,ridge,0,0.42679443101130976,253.064443873176
pica,Calcium,micro,ridge,1,0.1496757080691842,289.3119944214772
pica,Calcium,micro,ridge,2,-0.06781498677310493,300.7878995427493
pica,Calcium,micro,ridge,3,-0.2405757188628558,329.48834966454575
pica,Calcium,micro,ridge,4,-0.021095408640142966,302.4805806469441
pica,Calcium,micro,knr,0,0.4517217421635976,244.8412452627403
pica,Calcium,micro,knr,1,0.3885074457505542,243.1510881985379
pica,Calcium,micro,knr,2,0.4705446714260309,234.93213002665448
pica,Calcium,micro,knr,3,0.4130994339852476,236.29945956845341
pica,Calcium,micro,knr,4,0.4503929146979534,234.209931812585
pica,Iron,micro,rf,0,0.32215928086667295,4.546332510026969
pica,Iron,micro,rf,1,0.402404290703587,4.273953329828375
pica,Iron,micro,rf,2,0.2975258116775298,4.738095849895514
pica,Iron,micro,rf,3,0.28833497005203557,4.625563060928143
pica,Iron,micro,rf,4,0.36879227308550233,4.488020186353336
pica,Iron,micro,ridge,0,-0.7633002708033925,6.306231312415692
pica,Iron,micro,ridge,1,-1.601885005408472,7.573048243530357
pica,Iron,micro,ridge,2,-0.9839128175035924,6.911054047311081
pica,Iron,micro,ridge,3,-0.5504312671320442,6.413156440583452
pica,Iron,micro,ridge,4,-0.9678824729968583,7.137511624011853
pica,Iron,micro,knr,0,0.03920915241235608,5.283239901058398
pica,Iron,micro,knr,1,0.14979054968157596,5.02550423649649
pica,Iron,micro,knr,2,0.13277066449723254,5.204159287004279
pica,Iron,micro,knr,3,0.11743861141461506,5.182386173647304
pica,Iron,micro,knr,4,0.0674040689100863,5.312201868750426
pica,Vitamin_C,micro,rf,0,0.2521679516312571,21.977838729900235
pica,Vitamin_C,micro,rf,1,0.25030640784225566,22.335999618825646
pica,Vitamin_C,micro,rf,2,0.2338203169643031,22.057734249811084
pica,Vitamin_C,micro,rf,3,0.23655846981355472,22.09680881905146
pica,Vitamin_C,micro,rf,4,0.26146532179577814,21.896398052715302
pica,Vitamin_C,micro,ridge,0,0.08498456339098667,24.364403027699463
pica,Vitamin_C,micro,ridge,1,0.07376626779607028,24.664504295579775
pica,Vitamin_C,micro,ridge,2,0.09950599636851513,24.080259981070473
pica,Vitamin_C,micro,ridge,3,0.1278103859332173,23.811203483718316
pica,Vitamin_C,micro,ridge,4,0.1390401444747065,23.76430189047289
pica,Vitamin_C,micro,knr,0,0.1960925896225611,22.956510268445417
pica,Vitamin_C,micro,knr,1,0.14266248927297318,23.712267176973803
pica,Vitamin_C,micro,knr,2,0.18189271630491152,23.031818730947332
pica,Vitamin_C,micro,knr,3,0.18658342197369154,23.047981339355566
pica,Vitamin_C,micro,knr,4,0.16026294389345616,23.43064342082168
