method,target,regressor,r2_mean,r2_std,rmse_mean
iterativesvd,Calcium,knr,0.5108697820637296,0.023983075363730576,140.2360771946424
iterativesvd,Calcium,rf,0.543705066749712,0.06776292481188917,132.72296292602084
iterativesvd,Calcium,ridge,-0.2333718545788414,0.3059338643987881,191.14379221418872
iterativesvd,Carbohydrate,knr,0.9379548784857729,0.0017694722718952151,6.377907331654415
iterativesvd,Carbohydrate,rf,0.972153779235694,0.0008918833832785974,4.26691018954296
iterativesvd,Carbohydrate,ridge,0.960824957168259,0.004782512507775179,4.771347050793731
iterativesvd,Fat,knr,0.9568743681224106,0.00035378604762855933,3.3645352199038276
iterativesvd,Fat,rf,0.9927692306660623,0.00014098981046200916,1.3832363099999343
iterativesvd,Fat,ridge,0.9797438799168683,0.0027263079367292344,2.1626586933330767
iterativesvd,Iron,knr,0.5769315162124251,0.01975930265680652,3.490002547415392
iterativesvd,Iron,rf,0.5843004003600448,0.011683548121914052,3.4602481700481533
iterativesvd,Iron,ridge,0.2830738324998944,0.0338079002383604,4.529951990223506
iterativesvd,Protein,knr,0.8652556990344287,0.004582704749283369,3.9682285644269157
iterativesvd,Protein,rf,0.9094720426795782,0.003918698648789883,3.242697942033305
iterativesvd,Protein,ridge,0.8484639433832616,0.028361004826989597,4.016750613467833
iterativesvd,Vitamin_C,knr,-0.1380575711168685,0.23751654136421452,62.95094510102579
iterativesvd,Vitamin_C,rf,-0.5064595430575596,0.5546467385480375,65.68324716366372
iterativesvd,Vitamin_C,ridge,-0.9592195215837256,0.7548178129438614,73.34920006088022
knn_k10,Calcium,knr,0.5121231846729557,0.019520679155281807,140.12232419217918
knn_k10,Calcium,rf,0.5452233054164874,0.06310321245596509,132.5462507274472
knn_k10,Calcium,ridge,-0.23321430356774572,0.3117104846291292,191.2134845175658
knn_k10,Carbohydrate,knr,0.9427915591484048,0.0011264611153856338,6.123929388982503
knn_k10,Carbohydrate,rf,0.9729039007310039,0.000654905134443732,4.209298885341411
knn_k10,Carbohydrate,ridge,0.9642800121013234,0.010372710636858311,4.536381653626377
knn_k10,Fat,knr,0.9572492550045496,0.0002582409715868919,3.3517233812057383
knn_k10,Fat,rf,0.9925922573624535,0.00014403284722852618,1.4010298995050223
knn_k10,Fat,ridge,0.9784984783507964,0.0020767056816354827,2.199855466153676
knn_k10,Iron,knr,0.5635411185880596,0.016349959305748354,3.537492846988338
knn_k10,Iron,rf,0.5965650510016756,0.012103729021815047,3.4123255772546544
knn_k10,Iron,ridge,0.3116939950652163,0.019579511296760013,4.437933113251418
knn_k10,Protein,knr,0.8750917868687538,0.0030084644182557284,3.8231297932983863
knn_k10,Protein,rf,0.9101530494211563,0.0033770924342398406,3.2311145758793614
knn_k10,Protein,ridge,0.8850791036600276,0.02472065541848504,3.587912378906696
knn_k10,Vitamin_C,knr,-0.14491583937740857,0.17775297183144176,63.508335143243904
knn_k10,Vitamin_C,rf,-0.4614829072653617,0.5313467638801197,64.39910461981157
knn_k10,Vitamin_C,ridge,-0.7903931722147828,0.5747231925710241,71.8164850086495
masked_nmf,Calcium,knr,-0.035219574150496265,0.033802403859973615,200.4144728247645
masked_nmf,Calcium,rf,0.03047806844343723,0.07430559768623247,194.21175244747374
masked_nmf,Calcium,ridge,0.053900553085648575,0.00482753441339816,193.3736669129823
masked_nmf,Carbohydrate,knr,0.5360812140749516,0.006105662165270846,17.49819920168489
masked_nmf,Carbohydrate,rf,0.5551645377286715,0.005981233615278023,17.13600896833706
masked_nmf,Carbohydrate,ridge,0.19014307384941603,0.0005165088840104656,23.123771528789053
masked_nmf,Fat,knr,0.8647145583544743,0.0011225415276657788,6.009380911870915
masked_nmf,Fat,rf,0.8720425386269779,0.0019044589356905246,5.8408040203719125
masked_nmf,Fat,ridge,0.5415650557495111,0.00126125725795867,11.07835121828117
masked_nmf,Iron,knr,0.09126716804003977,0.014366084293716604,5.124781729240668
masked_nmf,Iron,rf,0.14883423094514936,0.007710179203978709,4.9643726943985955
masked_nmf,Iron,ridge,0.09406069260037016,0.002184425511854784,5.129353550475822
masked_nmf,Protein,knr,0.7131374964755534,0.00429368752171001,5.811683567964032
masked_nmf,Protein,rf,0.7357534210683188,0.003546322862623275,5.576314398824298
masked_nmf,Protein,ridge,0.21325387524013933,0.0007065723821391762,9.628527856702606
masked_nmf,Vitamin_C,knr,-0.546276135858486,0.34741137674238737,70.75757847284603
masked_nmf,Vitamin_C,rf,-0.3689110410293974,0.2055473833169849,68.32378938193919
masked_nmf,Vitamin_C,ridge,0.006462692306875147,0.009528494006390421,62.66319492049604
mean,Calcium,knr,0.5119294275542841,0.024295816160831415,140.15154741237987
mean,Calcium,rf,0.5541805175600624,0.06446234069526621,131.135161340633
mean,Calcium,ridge,-0.31512839818213,0.35066723946010947,194.75691066405543
mean,Carbohydrate,knr,0.9422674805621403,0.0014185338659566539,6.152504818923154
mean,Carbohydrate,rf,0.9736305482789518,0.000511728523383486,4.148031804016056
mean,Carbohydrate,ridge,0.9570637641390082,0.003344238891150155,4.9206470306578804
mean,Fat,knr,0.9554144762107202,0.0007263258864061817,3.42389284766801
mean,Fat,rf,0.9927967181686099,0.0001313234493076016,1.380272066043804
mean,Fat,ridge,0.9773189734320151,0.0020968467190047024,2.2447253120852286
mean,Iron,knr,0.6039632133315258,0.006012506276427103,3.381482252539629
mean,Iron,rf,0.6027088948812088,0.016036954694078016,3.387702983215662
mean,Iron,ridge,0.27858764373000083,0.04289036182686317,4.535700002042375
mean,Protein,knr,0.8688896396894805,0.003033102814374901,3.918854691517434
mean,Protein,rf,0.9126619619982153,0.0020358874529292138,3.1886714913522116
mean,Protein,ridge,0.8434315426699814,0.026060389724788132,4.059365138307911
mean,Vitamin_C,knr,-0.21513474246097855,0.26188991445325144,63.80265701339757
mean,Vitamin_C,rf,-0.3047416368652955,0.350117947876453,62.900083396962465
mean,Vitamin_C,ridge,-0.9169600515932406,0.6859991171803117,73.06941551485599
median,Calcium,knr,0.5112184032096562,0.02288494311136071,140.23261119957525
median,Calcium,rf,0.548885850647115,0.06922689768610535,131.69508028062722
median,Calcium,ridge,-0.3168513131224824,0.35080438065824393,194.82588908380657
median,Carbohydrate,knr,0.9411392069028028,0.0014552314978883345,6.210418883596963
median,Carbohydrate,rf,0.9741499532450868,0.0007873004977145142,4.106012429513574
median,Carbohydrate,ridge,0.955301749680344,0.0035150178937492734,4.982308045098496
median,Fat,knr,0.9559646840542021,0.0006211602023484874,3.4023068084316876
median,Fat,rf,0.9928498944489746,0.0001498598904986597,1.375249497320802
median,Fat,ridge,0.9766439565325437,0.002165017155500654,2.264621833794698
median,Iron,knr,0.5972918411751842,0.006913567535251155,3.4080059007442287
median,Iron,rf,0.6009254527665635,0.015739736154196833,3.3946078898017538
median,Iron,ridge,0.2804427434771257,0.040795079477278125,4.531239813905958
median,Protein,knr,0.8688661243820672,0.002796183800605399,3.919072509809433
median,Protein,rf,0.9115197763567424,0.003094230681345614,3.2080812578217186
median,Protein,ridge,0.8341235289832074,0.028011268431686078,4.13487151369986
median,Vitamin_C,knr,-0.15196461938575848,0.22056804741625732,63.34763004579382
median,Vitamin_C,rf,-0.34727412206202596,0.3830397341792893,63.38928297175308
median,Vitamin_C,ridge,-0.8807007938620718,0.646113267151054,72.72484694513925
mice,Calcium,knr,0.5142450843823319,0.025451511586257608,139.6982652908492
mice,Calcium,rf,0.5512948339117884,0.064021990863158,131.43772195166852
mice,Calcium,ridge,0.2210818530101189,0.14592286713459762,163.72686214202557
mice,Carbohydrate,knr,0.942829216263679,0.001659337178785096,6.123383396356227
mice,Carbohydrate,rf,0.9725879832389623,0.000774165807387248,4.225602590161079
mice,Carbohydrate,ridge,0.9679882970521367,0.0028214618376179476,4.440690499367301
mice,Fat,knr,0.9565083226263293,0.0008806282678621847,3.3771033836729067
mice,Fat,rf,0.9927374247811063,0.00014950082040885516,1.38665254803724
mice,Fat,ridge,0.9838341687612868,0.0015715009063951128,1.9985813664263898
mice,Iron,knr,0.5933341922751804,0.01175294206780622,3.418233475878305
mice,Iron,rf,0.6011870979897301,0.017415714622510327,3.393167968973527
mice,Iron,ridge,0.2877361388002376,0.05076299147064678,4.503559738656837
mice,Protein,knr,0.8694518457244447,0.004091440765756582,3.906308742050311
mice,Protein,rf,0.9112366177957734,0.005162723866437497,3.208507351000847
mice,Protein,ridge,0.8740023214810572,0.014601042036478606,3.755565832703404
mice,Vitamin_C,knr,-0.010067538332186956,0.08619952046131815,61.59167671687469
mice,Vitamin_C,rf,-0.37455167675490764,0.4208519441459323,63.44328645979938
mice,Vitamin_C,ridge,-0.5904021496832665,0.421493041989789,69.32177285186168
missforest,Calcium,knr,0.500125037878311,0.024142737599048128,141.62662612806673
missforest,Calcium,rf,0.5231294997515077,0.06743810652149881,135.71219676403967
missforest,Calcium,ridge,-0.20508618268786316,0.30466204357092236,190.380887934612
missforest,Carbohydrate,knr,0.9316745041730101,0.0009905657405437037,6.706155103343377
missforest,Carbohydrate,rf,0.971049592044731,0.0009675595485394401,4.348345018134247
missforest,Carbohydrate,ridge,0.9648330887726451,0.0031750174483678247,4.644471933688004
missforest,Fat,knr,0.9476372933404879,0.001920964333873602,3.701293826932404
missforest,Fat,rf,0.9926740224267041,0.00017560150678828227,1.3923934870774815
missforest,Fat,ridge,0.9839847818098388,0.0015682489104892749,1.991626600603119
missforest,Iron,knr,0.5754501444060774,0.010047212792423387,3.503825578913953
missforest,Iron,rf,0.5955446538390476,0.01893902266865598,3.4165927032484062
missforest,Iron,ridge,0.3017194998449597,0.027109446591498283,4.468220284223258
missforest,Protein,knr,0.8630536088059577,0.003040941931839571,4.006773482216799
missforest,Protein,rf,0.9047137172921083,0.004996032001628402,3.3312188383434838
missforest,Protein,ridge,0.85967686874224,0.017750435521352706,3.9374941094673668
missforest,Vitamin_C,knr,-0.17895280683901152,0.28935005215426524,63.15110640350751
missforest,Vitamin_C,rf,-0.4413859210355212,0.43174509442839465,65.46183559248861
missforest,Vitamin_C,ridge,-0.7947214195763984,0.610556898979778,71.70413412827375
pica,Calcium,knr,0.5141320911932383,0.022456875281433683,139.76555045548326
pica,Calcium,rf,0.5511907962028902,0.0628381827469084,131.55319430826802
pica,Calcium,ridge,-0.12156929214824586,0.27787487161998314,185.17205822046068
pica,Carbohydrate,knr,0.9431697411691919,0.0011739479685194784,6.102340198533358
pica,Carbohydrate,rf,0.9729705075054719,0.0007442406398553222,4.1970842793682435
pica,Carbohydrate,ridge,0.9581266563605068,0.003938009025039918,4.873655720428102
pica,Fat,knr,0.9568443799125047,0.0005271220045348502,3.3673648897177046
pica,Fat,rf,0.9927451227415798,0.0001501720172320521,1.3855475871948095
pica,Fat,ridge,0.9784222721078336,0.002362080036064136,2.204673316935986
pica,Iron,knr,0.5908707814342355,0.010214965302422276,3.4275172218607404
pica,Iron,rf,0.6030319018409834,0.016811048695173008,3.3848833240893095
pica,Iron,ridge,0.25687004032144733,0.06125513674487553,4.586547578968194
pica,Protein,knr,0.8714338128583898,0.003662633903143598,3.879361413242593
pica,Protein,rf,0.9095139276465641,0.0047210653802791476,3.2442015628951255
pica,Protein,ridge,0.8480608798091709,0.02425042081888637,4.014066350111301
pica,Vitamin_C,knr,-0.1766525695782994,0.23701484931166136,63.27497022359213
pica,Vitamin_C,rf,-0.36134166778056653,0.4184846193094525,63.57200796928705
pica,Vitamin_C,ridge,-0.8419973846226723,0.6384240442584318,72.13823148396183
softimpute,Calcium,knr,0.5173783011567913,0.02492461883204475,139.33818807232942
softimpute,Calcium,rf,0.5446903375658542,0.06565649931214736,132.53090925953748
softimpute,Calcium,ridge,-0.25755101839673544,0.31763551918256094,192.2110641239529
softimpute,Carbohydrate,knr,0.9413177164571298,0.0017489564661416887,6.202057526379466
softimpute,Carbohydrate,rf,0.9729426718252296,0.0008299640450131022,4.201794543870188
softimpute,Carbohydrate,ridge,0.9590728819743136,0.00358454259322979,4.8338046902400915
softimpute,Fat,knr,0.9567664184095822,0.00040670746413634965,3.3695564835008356
softimpute,Fat,rf,0.9927666329745517,0.00016896884729884832,1.3832578256208372
softimpute,Fat,ridge,0.9783658080939823,0.002200318421443933,2.206302231135743
softimpute,Iron,knr,0.5889167277081508,0.012916475776234873,3.4362173420307833
softimpute,Iron,rf,0.5950650422431389,0.014636183230197476,3.418783908060088
softimpute,Iron,ridge,0.25870448381970446,0.05285390987247869,4.586719468679037
softimpute,Protein,knr,0.870695801038176,0.0033710331044438705,3.8885171253818966
softimpute,Protein,rf,0.9101610021610973,0.005097348451102726,3.2313260341072114
softimpute,Protein,ridge,0.8496009245072917,0.024319242242628474,3.99684241767867
softimpute,Vitamin_C,knr,-0.11557336903607207,0.20580903941650702,62.73176162766161
softimpute,Vitamin_C,rf,-0.5885716315230229,0.563533388147886,66.2273156943684
softimpute,Vitamin_C,ridge,-0.9523564221657675,0.7417735805411543,73.30384174229623
