frac,seed,method,new,ref,delta
0.05,123,knn_k10,0.9733224084949078,0.9733224084949078,0.0
0.05,123,softimpute,0.9785389737195836,0.979338775913405,0.000799802193821364
0.05,123,masked_nmf,1.1021408206488328,1.1021408206488328,0.0
0.05,456,knn_k10,0.8562660101937949,0.8562660101937949,0.0
0.05,456,softimpute,0.9191511440867056,0.9200614656886634,0.0009103216019578086
0.05,456,masked_nmf,0.9632179637223944,0.9632179637223944,0.0
0.05,789,knn_k10,0.961811848608707,0.961811848608707,0.0
0.05,789,softimpute,0.9706132105352505,0.9829656931323724,0.01235248259712185
0.05,789,masked_nmf,1.0345012569971366,1.0345012569971366,0.0
0.05,1024,knn_k10,0.9954235460051272,0.9954235460051272,0.0
0.05,1024,softimpute,1.0345271696094918,1.0356952919594071,0.0011681223499153681
0.05,1024,masked_nmf,1.0574298515409073,1.0574298515409066,6.661338147750939e-16
0.1,123,knn_k10,0.9416406081823776,0.9416406081823776,0.0
0.1,123,softimpute,0.9787032229755999,0.9806318180689824,0.0019285950933825013
0.1,123,masked_nmf,1.0545758460037058,1.0545758460037058,0.0
0.1,456,knn_k10,0.9034438791496707,0.9034438791496708,1.1102230246251565e-16
0.1,456,softimpute,0.9233228498282134,0.9206860607171138,0.0026367891110996577
0.1,456,masked_nmf,0.9855226948520599,0.98552269485206,1.1102230246251565e-16
0.1,789,knn_k10,0.950468535090629,0.950468535090629,0.0
0.1,789,softimpute,0.950755722248338,0.9490806362236264,0.0016750860247116695
0.1,789,masked_nmf,0.9766289478571255,0.9766289478571254,1.1102230246251565e-16
0.1,1024,knn_k10,0.9682583189684202,0.9682583189684202,0.0
0.1,1024,softimpute,1.0318880081604769,1.0319414531596591,5.344499918225054e-05
0.1,1024,masked_nmf,1.005290351477824,1.005290351477824,0.0
0.15,123,knn_k10,0.9799603507024824,0.9799603507024824,0.0
0.15,123,softimpute,0.9986288715058533,0.9987015691620272,7.269765617390345e-05
0.15,123,masked_nmf,1.0317435024164399,1.03174350241644,2.220446049250313e-16
0.15,456,knn_k10,0.9154792419118322,0.9154792419118322,0.0
0.15,456,softimpute,0.9404061384531489,0.9420845047281888,0.001678366275039922
0.15,456,masked_nmf,0.9899180682541302,0.9899180682541302,0.0
0.15,789,knn_k10,0.9267619574447624,0.9267619574447624,0.0
0.15,789,softimpute,0.9613640784876506,0.983786000827956,0.022421922340305378
0.15,789,masked_nmf,0.980785649373844,0.980785649373844,0.0
0.15,1024,knn_k10,0.9740913472633816,0.9740913472633816,0.0
0.15,1024,softimpute,0.9901517117797383,0.988318838111309,0.0018328736684292135
0.15,1024,masked_nmf,1.0008374335012487,1.0008374335012489,2.220446049250313e-16
0.2,123,knn_k10,0.9669290733428867,0.9669290733428868,1.1102230246251565e-16
0.2,123,softimpute,0.9990543703540214,0.9986043783612336,0.00044999199278783486
0.2,123,masked_nmf,1.0146122221517198,1.0146122221517198,0.0
0.2,456,knn_k10,0.9551104368068866,0.9551104368068866,0.0
0.2,456,softimpute,0.9313830465152125,0.9297091951252104,0.0016738513900020902
0.2,456,masked_nmf,0.9931819653727347,0.9931819653727348,1.1102230246251565e-16
0.2,789,knn_k10,0.9435993805810989,0.9435993805810988,1.1102230246251565e-16
0.2,789,softimpute,0.9701118580971402,0.9734968231536418,0.0033849650565016542
0.2,789,masked_nmf,0.9762405113812215,0.9762405113812216,1.1102230246251565e-16
0.2,1024,knn_k10,0.9579862291980844,0.9579862291980844,0.0
0.2,1024,softimpute,0.9753909100594957,0.9782801462341004,0.0028892361746046813
0.2,1024,masked_nmf,1.0162517312591852,1.016251731259185,2.220446049250313e-16
0.25,123,knn_k10,0.9844865944511878,0.9844865944511878,0.0
0.25,123,softimpute,1.0157620356133603,1.0151294391380798,0.0006325964752804669
0.25,123,masked_nmf,1.0087827432530476,1.0087827432530476,0.0
0.25,456,knn_k10,0.990602653931108,0.990602653931108,0.0
0.25,456,softimpute,0.9618163651127435,0.9646542469100357,0.0028378817972921633
0.25,456,masked_nmf,1.0226148247634665,1.0226148247634663,2.220446049250313e-16
0.25,789,knn_k10,0.9784916574603563,0.9784916574603564,1.1102230246251565e-16
0.25,789,softimpute,0.9817561912235808,0.9817898507053616,3.365948178080114e-05
0.25,789,masked_nmf,1.005161663448915,1.005161663448915,0.0
0.25,1024,knn_k10,0.9789524602972669,0.9789524602972668,1.1102230246251565e-16
0.25,1024,softimpute,0.9488344650199969,0.9478539661170892,0.0009804989029077449
0.25,1024,masked_nmf,1.0020155278037666,1.0020155278037666,0.0
0.3,123,knn_k10,1.0289618939421887,1.0290696056557298,0.0001077117135410699
0.3,123,softimpute,1.0011048837982188,1.0011253461039558,2.046230573693464e-05
0.3,123,masked_nmf,1.0170803884789845,1.0170803884789843,2.220446049250313e-16
0.3,456,knn_k10,1.0524053699752907,1.0532311822378364,0.0008258122625457442
0.3,456,softimpute,0.9660790840426513,0.964952090275603,0.0011269937670482788
0.3,456,masked_nmf,1.036012174508704,1.036012174508704,0.0
0.3,789,knn_k10,1.0032855921760124,1.0032855921760124,0.0
0.3,789,softimpute,1.0009067522514583,0.9977996262695256,0.0031071259819327457
0.3,789,masked_nmf,1.053683428635977,1.053683428635977,0.0
0.3,1024,knn_k10,1.0331124349022827,1.0331124349022829,2.220446049250313e-16
0.3,1024,softimpute,0.9702718979499453,0.9705849833411389,0.00031308539119356826
0.3,1024,masked_nmf,1.0044038686506336,1.0044038686506336,0.0
0.35,123,knn_k10,1.0342244191278112,1.0342244191278112,0.0
0.35,123,softimpute,1.0322897302664236,1.0276928649509398,0.004596865315483756
0.35,123,masked_nmf,1.0360631276233216,1.036063127623322,4.440892098500626e-16
0.35,456,knn_k10,1.029402620371525,1.0295558627434187,0.0001532423718937359
0.35,456,softimpute,0.9771843463612978,0.9879856129310431,0.010801266569745338
0.35,456,masked_nmf,1.0666192688220966,1.0666192688220963,2.220446049250313e-16
0.35,789,knn_k10,1.007307452704466,1.0073078673867082,4.146822421002838e-07
0.35,789,softimpute,0.9975882438637028,0.9954784693613152,0.0021097745023875847
0.35,789,masked_nmf,1.0426057995979952,1.0426057995979952,0.0
0.35,1024,knn_k10,1.052658699402294,1.0519168412183817,0.0007418581839122584
0.35,1024,softimpute,0.971165718231699,0.9706774436954704,0.0004882745362285723
0.35,1024,masked_nmf,1.025765169338086,1.025765169338086,0.0
0.4,123,knn_k10,1.1378295863196715,1.1379747949935914,0.00014520867391998316
0.4,123,softimpute,1.011870572344879,1.0137927594629728,0.0019221871180936656
0.4,123,masked_nmf,1.0612925150243662,1.0612925150243662,0.0
0.4,456,knn_k10,1.0722003839912146,1.0722003839912146,0.0
0.4,456,softimpute,0.9981135580396352,0.9952918132280468,0.002821744811588367
0.4,456,masked_nmf,1.0537232324846522,1.0537232324846524,2.220446049250313e-16
0.4,789,knn_k10,1.0517330590042764,1.0517330590042764,0.0
0.4,789,softimpute,1.0015159263702729,1.0016358429487804,0.00011991657850751736
0.4,789,masked_nmf,1.0115860677035355,1.0115860677035358,2.220446049250313e-16
0.4,1024,knn_k10,1.1016523854471638,1.1025130599750694,0.0008606745279056138
0.4,1024,softimpute,0.98539027598659,0.9854792167419784,8.894075538834478e-05
0.4,1024,masked_nmf,1.0566868019946873,1.0566868019946876,2.220446049250313e-16
0.45,123,knn_k10,1.1246766919354578,1.129145683539956,0.004468991604498207
0.45,123,softimpute,1.0302529481997138,1.0289694930762112,0.001283455123502586
0.45,123,masked_nmf,1.0858305408061235,1.0858305408061235,0.0
0.45,456,knn_k10,1.2070512171173386,1.2059808294846073,0.0010703876327313733
0.45,456,softimpute,0.9941931104099293,0.9925780477444786,0.0016150626654507505
0.45,456,masked_nmf,1.070594160381351,1.070594160381351,0.0
0.45,789,knn_k10,1.077461976177164,1.0810577130147434,0.0035957368375794108
0.45,789,softimpute,1.00128576867783,1.0016793277586988,0.0003935590808687994
0.45,789,masked_nmf,1.0274194690879115,1.0274194690879117,2.220446049250313e-16
0.45,1024,knn_k10,1.1049367058010275,1.1049026557670365,3.4050033991039896e-05
0.45,1024,softimpute,0.9921193926979776,0.9935775198816134,0.0014581271836358045
0.45,1024,masked_nmf,1.1620104590543312,1.1620104590543312,0.0
0.5,123,knn_k10,1.1395722653800544,1.1395721738219788,9.155807556560092e-08
0.5,123,softimpute,1.0599296630815354,1.0647502584516977,0.004820595370162328
0.5,123,masked_nmf,1.0550657868064826,1.0550657868064826,0.0
0.5,456,knn_k10,1.1941634810130142,1.1947175585202985,0.0005540775072843118
0.5,456,softimpute,1.0594764049400898,1.0588003997634936,0.0006760051765961617
0.5,456,masked_nmf,1.2041500648911292,1.2041500648911287,4.440892098500626e-16
0.5,789,knn_k10,1.0899108296401097,1.089846635562948,6.419407716173886e-05
0.5,789,softimpute,1.0121771900420253,1.0082103761142285,0.003966813927796853
0.5,789,masked_nmf,1.1072946811852287,1.1072946811852284,2.220446049250313e-16
0.5,1024,knn_k10,1.1684745152134717,1.1701728996785823,0.001698384465110614
0.5,1024,softimpute,1.0009338466106121,1.0009459770402278,1.2130429615675453e-05
0.5,1024,masked_nmf,1.331197264386459,1.3311972643864587,2.220446049250313e-16
