mechanism,missing_frac,seed,method,nrmse,nrmse_refnorm
mcar,0.05,123,knn_k10,0.566832964332604,0.4436674529893984
mcar,0.05,123,knn_k5,0.5495382255965034,0.4195199041046794
mcar,0.05,123,softimpute,0.7562147945657243,0.5553697054200253
mcar,0.05,456,knn_k10,0.6415488023588095,0.4584052035566198
mcar,0.05,456,knn_k5,0.6062692460604113,0.4808887443749846
mcar,0.05,456,softimpute,0.7948526914512752,0.5328351880259349
mcar,0.05,789,knn_k10,0.6793460750263735,0.431651050866276
mcar,0.05,789,knn_k5,0.6452940644817053,0.4231982976350654
mcar,0.05,789,softimpute,0.8871667659801937,0.5191429838253765
mcar,0.05,1024,knn_k10,0.58001546081211,0.4627940140017906
mcar,0.05,1024,knn_k5,0.5941238288054544,0.4706508076840894
mcar,0.05,1024,softimpute,0.8077601814970224,0.5700574532568234
mcar,0.05,1337,knn_k10,0.6398915571102837,0.5039239520653382
mcar,0.05,1337,knn_k5,0.6182287911772277,0.505374383926151
mcar,0.05,1337,softimpute,0.8157494993459533,0.6253825416393403
mcar,0.05,2024,knn_k10,0.7387133144875182,0.5571281600441879
mcar,0.05,2024,knn_k5,0.6443833110607136,0.5799501732326013
mcar,0.05,2024,softimpute,0.8584753135347218,0.7244781598295769
mcar,0.05,7,knn_k10,0.6221850453164248,0.4750368829018899
mcar,0.05,7,knn_k5,0.6085715044754435,0.4487922143584202
mcar,0.05,7,softimpute,0.7967499346447564,0.5459484166100894
mcar,0.05,99,knn_k10,0.5416851791154425,0.4616394416677265
mcar,0.05,99,knn_k5,0.5611758628354055,0.4757931783103281
mcar,0.05,99,softimpute,0.7443441020088288,0.5303886289915349
mcar,0.05,555,knn_k10,0.6687740592846677,0.4514953798397077
mcar,0.05,555,knn_k5,0.6482955869680429,0.4648360883106688
mcar,0.05,555,softimpute,0.8235897495374311,0.5869757001864019
mcar,0.05,31337,knn_k10,0.6329839600726197,0.4399268980425598
mcar,0.05,31337,knn_k5,0.5950770660649697,0.4809435219289927
mcar,0.05,31337,softimpute,0.778973172946241,0.5738649460531131
mcar,0.1,123,knn_k10,0.733529108852649,0.7658908079785125
mcar,0.1,123,knn_k5,0.7347840061758031,0.781848708090404
mcar,0.1,123,softimpute,0.820777103857983,0.7120890460000805
mcar,0.1,456,knn_k10,0.7320643499357022,0.6002150160851287
mcar,0.1,456,knn_k5,0.6961080085311413,0.6131935702919922
mcar,0.1,456,softimpute,0.8337717504125952,0.7085139841735563
mcar,0.1,789,knn_k10,0.7384097407534216,0.5304443216836653
mcar,0.1,789,knn_k5,0.7393490753610175,0.5468386834511881
mcar,0.1,789,softimpute,0.8642868555094059,0.5935584581687093
mcar,0.1,1024,knn_k10,0.6763531072373987,0.5368960708958982
mcar,0.1,1024,knn_k5,0.6805626257547733,0.54361523982118
mcar,0.1,1024,softimpute,0.8270974975240084,0.5665072894373178
mcar,0.1,1337,knn_k10,0.7046319971153832,0.6169370255427251
mcar,0.1,1337,knn_k5,0.7277478414357539,0.5934628087602163
mcar,0.1,1337,softimpute,0.845393214933662,0.6272144274716084
mcar,0.1,2024,knn_k10,0.7473445181003868,0.6191720156997633
mcar,0.1,2024,knn_k5,0.7450016811143085,0.6046306848286847
mcar,0.1,2024,softimpute,0.8800242336783219,0.7422148880027994
mcar,0.1,7,knn_k10,0.6857358667705842,0.5372061078489072
mcar,0.1,7,knn_k5,0.6632861507953007,0.568420156011689
mcar,0.1,7,softimpute,0.8058157082568584,0.6361568041569604
mcar,0.1,99,knn_k10,0.7285555108891112,0.6183165199086957
mcar,0.1,99,knn_k5,0.7454432087438843,0.6178188425154911
mcar,0.1,99,softimpute,0.8264650134221843,0.6553457799735518
mcar,0.1,555,knn_k10,0.7162970485104097,0.5315213738122082
mcar,0.1,555,knn_k5,0.7245015636005305,0.5581234409503606
mcar,0.1,555,softimpute,0.847341826866478,0.6308928101541877
mcar,0.1,31337,knn_k10,0.7494952467422364,0.5341927002704712
mcar,0.1,31337,knn_k5,0.702446968933789,0.5468390390457054
mcar,0.1,31337,softimpute,0.7833914847890886,0.6095175326896579
mcar,0.15,123,knn_k10,0.7845055081509906,0.8245927679865886
mcar,0.15,123,knn_k5,0.7692443288030637,0.8240498867647765
mcar,0.15,123,softimpute,0.8196537448793946,0.7401895805528508
mcar,0.15,456,knn_k10,0.7987762734326248,0.7605574613100001
mcar,0.15,456,knn_k5,0.8104312937366404,0.7766302870780891
mcar,0.15,456,softimpute,0.8715054466279495,0.7744739237148041
mcar,0.15,789,knn_k10,0.7877100899917462,0.6776235919681306
mcar,0.15,789,knn_k5,0.7900589083254947,0.7052216262039308
mcar,0.15,789,softimpute,0.8759884784963361,0.6738210619755878
mcar,0.15,1024,knn_k10,0.7804983612070635,0.6253934563738797
mcar,0.15,1024,knn_k5,0.7793771898870979,0.676127288932585
mcar,0.15,1024,softimpute,0.8494158001929756,0.6396643782787514
mcar,0.15,1337,knn_k10,0.778198152284568,0.6368439635630065
mcar,0.15,1337,knn_k5,0.8176243981261996,0.6288740639071426
mcar,0.15,1337,softimpute,0.8625745370924248,0.6716963137632364
mcar,0.15,2024,knn_k10,0.8087218861267376,0.7610697907553721
mcar,0.15,2024,knn_k5,0.8023075828591038,0.7511615272550093
mcar,0.15,2024,softimpute,0.8718641193172384,0.7705736123211041
mcar,0.15,7,knn_k10,0.7372607025230222,0.5898821457367773
mcar,0.15,7,knn_k5,0.7506181027501386,0.6020510178470431
mcar,0.15,7,softimpute,0.8380093800463878,0.6476966433577069
mcar,0.15,99,knn_k10,0.7951603870208168,0.7061894269856865
mcar,0.15,99,knn_k5,0.8015380504424718,0.7086989070409038
mcar,0.15,99,softimpute,0.8471076201644259,0.7541404417716384
mcar,0.15,555,knn_k10,0.7545976101106366,0.6650043740621803
mcar,0.15,555,knn_k5,0.7473003162060013,0.7014666642508762
mcar,0.15,555,softimpute,0.8686720225272699,0.6963844479758086
mcar,0.15,31337,knn_k10,0.8063158059177292,0.5840655778010061
mcar,0.15,31337,knn_k5,0.8033481940449607,0.594144226636218
mcar,0.15,31337,softimpute,0.8300170717363399,0.6498798374765327
mcar,0.2,123,knn_k10,0.8765080382863804,0.9341078552313198
mcar,0.2,123,knn_k5,0.8785374943076615,0.9410930894921764
mcar,0.2,123,softimpute,0.8909409579698412,0.908147543403796
mcar,0.2,456,knn_k10,0.8519160881077639,0.7915687092323583
mcar,0.2,456,knn_k5,0.8611383885096243,0.8137888166021736
mcar,0.2,456,softimpute,0.8804101643998036,0.8157235929526446
mcar,0.2,789,knn_k10,0.8754617633923821,0.814449294713626
mcar,0.2,789,knn_k5,0.8797525432462376,0.8223181376424618
mcar,0.2,789,softimpute,0.8615875231247478,0.7295743777573979
mcar,0.2,1024,knn_k10,0.8471966513849803,0.7478511359511966
mcar,0.2,1024,knn_k5,0.855033924725733,0.769579352845712
mcar,0.2,1024,softimpute,0.8898998501181817,0.6872277008972395
mcar,0.2,1337,knn_k10,0.8301897047639877,0.6866630154282816
mcar,0.2,1337,knn_k5,0.8377374948931392,0.6816460956992729
mcar,0.2,1337,softimpute,0.8553569028277856,0.6865338593937818
mcar,0.2,2024,knn_k10,0.8370342075368112,0.8642881411025801
mcar,0.2,2024,knn_k5,0.8458329252552517,0.8787806189933449
mcar,0.2,2024,softimpute,0.8590741364450472,0.7718467686344908
mcar,0.2,7,knn_k10,0.8424440446514561,0.7841491667517946
mcar,0.2,7,knn_k5,0.8462471252708111,0.786240593088906
mcar,0.2,7,softimpute,0.8311694700049423,0.770341665450059
mcar,0.2,99,knn_k10,0.8295356453922196,0.7631555054761365
mcar,0.2,99,knn_k5,0.8673108188144705,0.7674103350035715
mcar,0.2,99,softimpute,0.8698482910640037,0.7744059340242233
mcar,0.2,555,knn_k10,0.8458934397970848,0.7587026024499233
mcar,0.2,555,knn_k5,0.8859885656410502,0.8031053942267963
mcar,0.2,555,softimpute,0.8740074567080095,0.7542913663201192
mcar,0.2,31337,knn_k10,0.8613342429674802,0.7138831151568176
mcar,0.2,31337,knn_k5,0.8534600653898152,0.7667592040037678
mcar,0.2,31337,softimpute,0.8675590108007858,0.6783317328745404
mcar,0.25,123,knn_k10,0.9277747644783776,0.9739796634495266
mcar,0.25,123,knn_k5,0.9395156600711724,0.9979119262673845
mcar,0.25,123,softimpute,0.8653309341249195,0.9296731040776588
mcar,0.25,456,knn_k10,0.8833419400532909,0.8714366139181051
mcar,0.25,456,knn_k5,0.8929152657394914,0.8886721462706297
mcar,0.25,456,softimpute,0.9001373998435067,0.8330941750912904
mcar,0.25,789,knn_k10,0.9263539021680108,0.8455720918704341
mcar,0.25,789,knn_k5,0.9375718587989064,0.8721938937811164
mcar,0.25,789,softimpute,0.8743467551646615,0.7738070927206165
mcar,0.25,1024,knn_k10,0.9104839207238424,0.8506458122606397
mcar,0.25,1024,knn_k5,0.9252449687356052,0.960293009829004
mcar,0.25,1024,softimpute,0.8752423485084933,0.7297377574893993
mcar,0.25,1337,knn_k10,0.881198152820837,0.7405090048471124
mcar,0.25,1337,knn_k5,0.8885736147163308,0.7421091158971909
mcar,0.25,1337,softimpute,0.8555160222107228,0.7492128463968005
mcar,0.25,2024,knn_k10,0.8838169239560033,0.9083343284805548
mcar,0.25,2024,knn_k5,0.9099131089552764,0.9291870420526308
mcar,0.25,2024,softimpute,0.8932989406148969,0.7813524404895756
mcar,0.25,7,knn_k10,0.9028865807987632,0.8950374628019344
mcar,0.25,7,knn_k5,0.916139781057649,0.9083052778582458
mcar,0.25,7,softimpute,0.8417796920137189,0.7639970121775946
mcar,0.25,99,knn_k10,0.9371344043422124,0.8461646083008857
mcar,0.25,99,knn_k5,0.9411993768852518,0.8739804883463898
mcar,0.25,99,softimpute,0.903924765156675,0.8162796345147829
mcar,0.25,555,knn_k10,0.932376911395496,0.8488011737347991
mcar,0.25,555,knn_k5,0.940135897047434,0.8810704452177593
mcar,0.25,555,softimpute,0.9089489087868816,0.7656713346046589
mcar,0.25,31337,knn_k10,0.920805136784715,0.8604393390000619
mcar,0.25,31337,knn_k5,0.947009577968349,0.8642371180999664
mcar,0.25,31337,softimpute,0.9004896545819872,0.7395208811456446
mcar,0.3,123,knn_k10,0.960975330028896,1.1041050262541798
mcar,0.3,123,knn_k5,0.9679027849597508,1.1130097492306463
mcar,0.3,123,softimpute,0.8649510555588507,0.8989466571206943
mcar,0.3,456,knn_k10,0.9398381610642216,0.924608300953876
mcar,0.3,456,knn_k5,0.9522158483365416,0.946950407610206
mcar,0.3,456,softimpute,0.908448253682183,0.858578657359248
mcar,0.3,789,knn_k10,0.9645694912818524,0.9636564096384792
mcar,0.3,789,knn_k5,0.9816019764538568,0.997789518175829
mcar,0.3,789,softimpute,0.8821095199557891,0.8444409555521815
mcar,0.3,1024,knn_k10,0.9772216803933558,1.016953256834877
mcar,0.3,1024,knn_k5,1.002283836727189,1.0343226068127935
mcar,0.3,1024,softimpute,0.862885167101054,0.7889335825634036
mcar,0.3,1337,knn_k10,0.953979321123851,0.8346415134391842
mcar,0.3,1337,knn_k5,0.9632286373995018,0.8769173481338489
mcar,0.3,1337,softimpute,0.8909753068721031,0.7724029750823413
mcar,0.3,2024,knn_k10,0.9853660134911902,0.9917447341547148
mcar,0.3,2024,knn_k5,0.9851735350510208,1.0259944056784636
mcar,0.3,2024,softimpute,0.8855854090429072,0.8291562046830971
mcar,0.3,7,knn_k10,0.953600174211956,0.8985346857826494
mcar,0.3,7,knn_k5,0.9833753638321344,0.9388435132767734
mcar,0.3,7,softimpute,0.8573477272885892,0.8224584492464095
mcar,0.3,99,knn_k10,0.9744375698391594,0.9170001653207018
mcar,0.3,99,knn_k5,0.9829322656273702,0.937591526246654
mcar,0.3,99,softimpute,0.9042468962315556,0.8181251480955735
mcar,0.3,555,knn_k10,0.9695599383150512,0.9249374195367136
mcar,0.3,555,knn_k5,0.9692268014820474,0.9560357109246368
mcar,0.3,555,softimpute,0.9285151655406114,0.8126474800868251
mcar,0.3,31337,knn_k10,0.976043316829313,0.930672993370187
mcar,0.3,31337,knn_k5,0.986714939608647,0.9421304788115514
mcar,0.3,31337,softimpute,0.8993416950820974,0.8059734171805861
mcar,0.35,123,knn_k10,1.0054064832344412,1.0605702625601792
mcar,0.35,123,knn_k5,1.0166045470807878,1.082065194451889
mcar,0.35,123,softimpute,0.8707037844539123,0.8871992488941753
mcar,0.35,456,knn_k10,0.998529040127726,1.0162419838048224
mcar,0.35,456,knn_k5,1.0159058833439794,1.0317675904618824
mcar,0.35,456,softimpute,0.9197475633151124,0.8545936814259149
mcar,0.35,789,knn_k10,1.0171218061055465,1.0528699949257363
mcar,0.35,789,knn_k5,1.0345746311231396,1.069785955231348
mcar,0.35,789,softimpute,0.893046352093116,0.8876583267856988
mcar,0.35,1024,knn_k10,1.0184820685412936,1.096228136013207
mcar,0.35,1024,knn_k5,1.031745302122741,1.1115578671429789
mcar,0.35,1024,softimpute,0.8714535222057651,0.8448699221777706
mcar,0.35,1337,knn_k10,0.9776501039039632,0.9108495186338212
mcar,0.35,1337,knn_k5,1.0003051635312672,0.9298030463854272
mcar,0.35,1337,softimpute,0.905349611498631,0.826945158454995
mcar,0.35,2024,knn_k10,0.9971893063330032,1.0521630708267675
mcar,0.35,2024,knn_k5,1.0053419760408515,1.0707856597306449
mcar,0.35,2024,softimpute,0.8762187208794956,0.8989094196259364
mcar,0.35,7,knn_k10,0.9975970272868172,0.9656670524997282
mcar,0.35,7,knn_k5,1.006541992532735,0.978847591892041
mcar,0.35,7,softimpute,0.8843172985555567,0.8264549796433298
mcar,0.35,99,knn_k10,0.9984651867623062,1.0285621255744877
mcar,0.35,99,knn_k5,1.01276216686688,1.0484535800117936
mcar,0.35,99,softimpute,0.9137177655736558,0.8717747163407512
mcar,0.35,555,knn_k10,1.0431688547498297,1.046028116346092
mcar,0.35,555,knn_k5,1.0417329220475515,1.066821869681653
mcar,0.35,555,softimpute,0.893253584292244,0.8082033805099362
mcar,0.35,31337,knn_k10,1.002928711051522,0.9840411939992804
mcar,0.35,31337,knn_k5,1.020610775746952,0.9998457582174888
mcar,0.35,31337,softimpute,0.9080492224504836,0.8505280494485699
mcar,0.4,123,knn_k10,1.0388137021818058,1.1125384578269952
mcar,0.4,123,knn_k5,1.0493027800192167,1.1155219261312583
mcar,0.4,123,softimpute,0.9107247173113402,0.9018045863521937
mcar,0.4,456,knn_k10,1.0631839988161405,1.0447260265126599
mcar,0.4,456,knn_k5,1.0765007192768388,1.0660904518117384
mcar,0.4,456,softimpute,0.9362412639025588,0.8948751333688554
mcar,0.4,789,knn_k10,1.063280021147618,1.095512576104337
mcar,0.4,789,knn_k5,1.0750134626274428,1.1169557189724206
mcar,0.4,789,softimpute,0.9155323896690173,0.8948416194564146
mcar,0.4,1024,knn_k10,1.0515627108591286,1.0950127734793489
mcar,0.4,1024,knn_k5,1.0641082232342076,1.1123947495421689
mcar,0.4,1024,softimpute,0.8968729810317624,0.8828713509420529
mcar,0.4,1337,knn_k10,1.0286539552605678,1.029341221452055
mcar,0.4,1337,knn_k5,1.0482366707073523,1.043496912016953
mcar,0.4,1337,softimpute,0.923495396233468,0.8799767976524654
mcar,0.4,2024,knn_k10,1.0376680768925852,1.074751165698693
mcar,0.4,2024,knn_k5,1.0528773617390608,1.0918028713602017
mcar,0.4,2024,softimpute,0.9145886432730361,0.9216284446014684
mcar,0.4,7,knn_k10,1.0473848752353496,1.0385268248619188
mcar,0.4,7,knn_k5,1.0600517870401904,1.0587081315253373
mcar,0.4,7,softimpute,0.9277617449540523,0.8663571023874205
mcar,0.4,99,knn_k10,1.0323707387736794,1.0405556829448876
mcar,0.4,99,knn_k5,1.0511766796744555,1.0544203083842025
mcar,0.4,99,softimpute,0.9253864442525594,0.9029224106827083
mcar,0.4,555,knn_k10,1.0789783268418702,1.110604820694984
mcar,0.4,555,knn_k5,1.1031573259799445,1.1286213949484303
mcar,0.4,555,softimpute,0.9272384189219864,0.8824264556259935
mcar,0.4,31337,knn_k10,1.068260582241539,1.054296198515423
mcar,0.4,31337,knn_k5,1.0912724461798988,1.072427063190751
mcar,0.4,31337,softimpute,0.9191385831350551,0.8748743735238489
mcar,0.45,123,knn_k10,1.0445389206787372,1.0929792250585033
mcar,0.45,123,knn_k5,1.0539461893197846,1.1062207447082124
mcar,0.45,123,softimpute,0.9315680064970422,0.941810188845684
mcar,0.45,456,knn_k10,1.0494170341205704,1.032297524100866
mcar,0.45,456,knn_k5,1.063595651290964,1.0549160383013234
mcar,0.45,456,softimpute,0.9692998003075463,0.916774589162185
mcar,0.45,789,knn_k10,1.0768522468168733,1.1201577640004583
mcar,0.45,789,knn_k5,1.0944829295347391,1.136785542870491
mcar,0.45,789,softimpute,0.9367367525334762,0.9274364254102172
mcar,0.45,1024,knn_k10,1.0996475446313436,1.1124665538226286
mcar,0.45,1024,knn_k5,1.109061400182307,1.1322328963767059
mcar,0.45,1024,softimpute,0.9395990448155869,0.9306535041694224
mcar,0.45,1337,knn_k10,1.0600576900237824,1.0941441331464232
mcar,0.45,1337,knn_k5,1.079457623673448,1.104091317836697
mcar,0.45,1337,softimpute,0.9516566474164382,0.93073102219403
mcar,0.45,2024,knn_k10,1.0668068922887919,1.137344846745102
mcar,0.45,2024,knn_k5,1.0760802528301616,1.163844019447997
mcar,0.45,2024,softimpute,0.9149818391260918,0.938306019499846
mcar,0.45,7,knn_k10,1.0652551546171005,1.0528477641206535
mcar,0.45,7,knn_k5,1.07840223508531,1.0666815940348395
mcar,0.45,7,softimpute,0.9570875419272918,0.9462534577366737
mcar,0.45,99,knn_k10,1.0814213797350383,1.0886017079017374
mcar,0.45,99,knn_k5,1.0931452642784523,1.1001935255096633
mcar,0.45,99,softimpute,0.942240986813893,0.9570885141788168
mcar,0.45,555,knn_k10,1.0582692120493549,1.1186657221174532
mcar,0.45,555,knn_k5,1.0748101237642997,1.1320471452823906
mcar,0.45,555,softimpute,0.9534706836483702,0.916061634411065
mcar,0.45,31337,knn_k10,1.096071993525674,1.0817434018040668
mcar,0.45,31337,knn_k5,1.119401553543651,1.0889027511456955
mcar,0.45,31337,softimpute,0.957146841270506,0.9286726253010413
mcar,0.5,123,knn_k10,1.0579776257432658,1.1056473610331663
mcar,0.5,123,knn_k5,1.0697465708570535,1.1250049342779234
mcar,0.5,123,softimpute,0.9606056817182934,0.9809583485960447
mcar,0.5,456,knn_k10,1.0713917568376863,1.0359884402499868
mcar,0.5,456,knn_k5,1.0846585418735901,1.058224712248565
mcar,0.5,456,softimpute,0.999940327656383,0.9218201698546817
mcar,0.5,789,knn_k10,1.086065525759346,1.0777552253743736
mcar,0.5,789,knn_k5,1.1021511216561959,1.1185881415590395
mcar,0.5,789,softimpute,0.9777227523016131,0.9853860157549423
mcar,0.5,1024,knn_k10,1.0937247460636912,1.0966615585568222
mcar,0.5,1024,knn_k5,1.108744256703365,1.1172830569790633
mcar,0.5,1024,softimpute,0.9677039946508714,0.9663948054061884
mcar,0.5,1337,knn_k10,1.0587484530087776,1.1038602688931194
mcar,0.5,1337,knn_k5,1.0747260378674137,1.1191245080745214
mcar,0.5,1337,softimpute,0.9718666149608985,0.9490591226257059
mcar,0.5,2024,knn_k10,1.0880808638001223,1.143675432687514
mcar,0.5,2024,knn_k5,1.1110529245284317,1.1661496641172022
mcar,0.5,2024,softimpute,0.944133189329052,0.9676673213130695
mcar,0.5,7,knn_k10,1.1189128624898876,1.0566311249397065
mcar,0.5,7,knn_k5,1.1359436028742051,1.0837493944891243
mcar,0.5,7,softimpute,0.9932567217115805,0.9684593110359159
mcar,0.5,99,knn_k10,1.0764603250617872,1.092616727085997
mcar,0.5,99,knn_k5,1.0938798786485433,1.114392277391442
mcar,0.5,99,softimpute,0.9989173156853545,1.003326556478009
mcar,0.5,555,knn_k10,1.049560094214761,1.091680021891198
mcar,0.5,555,knn_k5,1.0715377249000753,1.0990119721610212
mcar,0.5,555,softimpute,0.9563013483894486,0.9525126174972207
mcar,0.5,31337,knn_k10,1.0952820009225381,1.0905089152057759
mcar,0.5,31337,knn_k5,1.1067738865129222,1.1028829560534035
mcar,0.5,31337,softimpute,0.9526134875997195,0.950772116691696
mar,0.05,123,knn_k10,0.6373062711192793,0.4599374558900415
mar,0.05,123,knn_k5,0.6529031006795635,0.43559724758832463
mar,0.05,123,softimpute,0.8383773326100646,0.6520816245827773
mar,0.05,456,knn_k10,0.6605755746509174,0.5339860369394138
mar,0.05,456,knn_k5,0.647815441583579,0.5365492176481867
mar,0.05,456,softimpute,0.8103599144301503,0.63785624231076
mar,0.05,789,knn_k10,0.6660191209744742,0.6081164760170954
mar,0.05,789,knn_k5,0.6692088535716584,0.6057735677412887
mar,0.05,789,softimpute,0.8250617693125104,0.6971620153490052
mar,0.05,1024,knn_k10,0.6317819596799616,0.5600290936474062
mar,0.05,1024,knn_k5,0.6320562821496217,0.5408774763422893
mar,0.05,1024,softimpute,0.847900478117939,0.6496053753573564
mar,0.05,1337,knn_k10,0.6667652690115736,0.48530109707834085
mar,0.05,1337,knn_k5,0.64421498687323,0.5117166886578097
mar,0.05,1337,softimpute,0.8331371074565379,0.6208670936717517
mar,0.05,2024,knn_k10,0.6392302849084921,0.4577759676989215
mar,0.05,2024,knn_k5,0.6358784169567282,0.47440982664470494
mar,0.05,2024,softimpute,0.8204461696013711,0.5986360373879911
mar,0.05,7,knn_k10,0.6567174884850785,0.5272455478093042
mar,0.05,7,knn_k5,0.6311689247819606,0.5326531399482283
mar,0.05,7,softimpute,0.8329725815924132,0.678521902803768
mar,0.05,99,knn_k10,0.6437488471721161,0.5682685356619064
mar,0.05,99,knn_k5,0.591953859168213,0.5812043768519499
mar,0.05,99,softimpute,0.7984615035829203,0.6421225733269198
mar,0.05,555,knn_k10,0.5877194310183544,0.5138951464596601
mar,0.05,555,knn_k5,0.6363233406273141,0.5278505784161142
mar,0.05,555,softimpute,0.8276244319317811,0.6506703732592212
mar,0.05,31337,knn_k10,0.6171668901044937,0.5293964336816461
mar,0.05,31337,knn_k5,0.6115137887498027,0.5308626442248047
mar,0.05,31337,softimpute,0.8055721189887357,0.6440687867915664
mar,0.1,123,knn_k10,0.6522317705826687,0.5979892296476483
mar,0.1,123,knn_k5,0.6720867567012105,0.5915434228937337
mar,0.1,123,softimpute,0.8365601362536553,0.8076861970892366
mar,0.1,456,knn_k10,0.7092213265612716,0.5027257441292061
mar,0.1,456,knn_k5,0.699000333337634,0.5044415489056538
mar,0.1,456,softimpute,0.826091675234301,0.6793536990075456
mar,0.1,789,knn_k10,0.7557389147770546,0.6869850234160094
mar,0.1,789,knn_k5,0.7479619435322757,0.6986277863411416
mar,0.1,789,softimpute,0.8200927949299556,0.8072245267748116
mar,0.1,1024,knn_k10,0.7043115547139864,0.6255420390266764
mar,0.1,1024,knn_k5,0.7009972483927316,0.6293603633577468
mar,0.1,1024,softimpute,0.8779112930904495,0.8126101441939233
mar,0.1,1337,knn_k10,0.7151250086058185,0.6039503453309265
mar,0.1,1337,knn_k5,0.6986183892240642,0.6562646946515125
mar,0.1,1337,softimpute,0.7938605799550126,0.70237299121986
mar,0.1,2024,knn_k10,0.6670872222604235,0.4844000109298038
mar,0.1,2024,knn_k5,0.6852976534728652,0.5438065509397205
mar,0.1,2024,softimpute,0.8460496469938166,0.6903376473327687
mar,0.1,7,knn_k10,0.7345308554730577,0.5723353515541165
mar,0.1,7,knn_k5,0.7272746577165149,0.5914512694002134
mar,0.1,7,softimpute,0.8723018732099714,0.7170700239987536
mar,0.1,99,knn_k10,0.7346285010400002,0.6033339785419053
mar,0.1,99,knn_k5,0.6508760308246189,0.6607409952522055
mar,0.1,99,softimpute,0.8429890144221953,0.71876421875355
mar,0.1,555,knn_k10,0.7183505848234769,0.6370647740412674
mar,0.1,555,knn_k5,0.650211938938789,0.5915475103285989
mar,0.1,555,softimpute,0.8014867187807866,0.79138485025482
mar,0.1,31337,knn_k10,0.6461774095579166,0.5837073813239745
mar,0.1,31337,knn_k5,0.6448127618178935,0.5771623464293478
mar,0.1,31337,softimpute,0.8543705763158028,0.6754277634593636
mar,0.15,123,knn_k10,0.7860461796023243,0.7368089050147014
mar,0.15,123,knn_k5,0.8079888678809669,0.7346308282695065
mar,0.15,123,softimpute,0.8620556967212057,0.8232459029197648
mar,0.15,456,knn_k10,0.7339778184439435,0.6024017271365858
mar,0.15,456,knn_k5,0.7273661488907557,0.592496856351067
mar,0.15,456,softimpute,0.8222726078987048,0.6773755106485476
mar,0.15,789,knn_k10,0.7688956491241731,0.7392283982391704
mar,0.15,789,knn_k5,0.790710972568705,0.7557030226595084
mar,0.15,789,softimpute,0.8533662363865399,0.8089097602325399
mar,0.15,1024,knn_k10,0.7929639081318295,0.8202147813775524
mar,0.15,1024,knn_k5,0.795973512373273,0.797483907567718
mar,0.15,1024,softimpute,0.9046416424500069,0.8546941826185764
mar,0.15,1337,knn_k10,0.775297126006404,0.7706282158559109
mar,0.15,1337,knn_k5,0.7677062709089792,0.7673625649640828
mar,0.15,1337,softimpute,0.859902961273201,0.7910690661190366
mar,0.15,2024,knn_k10,0.7215103331837687,0.5858946802414929
mar,0.15,2024,knn_k5,0.7264659079068084,0.5890463363161822
mar,0.15,2024,softimpute,0.8470816625481217,0.7060916011308483
mar,0.15,7,knn_k10,0.7571296398027115,0.7645582972886595
mar,0.15,7,knn_k5,0.7674924085580834,0.7624020131359537
mar,0.15,7,softimpute,0.8584111365587679,0.7656553972121034
mar,0.15,99,knn_k10,0.8019461540880077,0.8113132831298914
mar,0.15,99,knn_k5,0.7889121176353507,0.7802892884715791
mar,0.15,99,softimpute,0.8205013404244372,0.8431655803833128
mar,0.15,555,knn_k10,0.7452466212008747,0.6480055129568181
mar,0.15,555,knn_k5,0.7067957443632183,0.6503567936812311
mar,0.15,555,softimpute,0.7971463078273521,0.74681808479182
mar,0.15,31337,knn_k10,0.7327724357910892,0.584989037998559
mar,0.15,31337,knn_k5,0.7264108534731369,0.6101842915597524
mar,0.15,31337,softimpute,0.8496422904757297,0.7157605130374588
mar,0.2,123,knn_k10,0.8096449750190334,0.8417065901392053
mar,0.2,123,knn_k5,0.8113783646133862,0.8457577828345553
mar,0.2,123,softimpute,0.8762800767531779,0.8896084399779781
mar,0.2,456,knn_k10,0.785244287063337,0.7163743770910146
mar,0.2,456,knn_k5,0.7937695506998642,0.7269493416628098
mar,0.2,456,softimpute,0.841400023625472,0.7582310044443611
mar,0.2,789,knn_k10,0.7977257274537389,0.7701176950626949
mar,0.2,789,knn_k5,0.8196848462473487,0.7826927730765254
mar,0.2,789,softimpute,0.881198936924472,0.7856551267172556
mar,0.2,1024,knn_k10,0.7817907649845361,0.7205605332743363
mar,0.2,1024,knn_k5,0.7835503969763018,0.7269872037893218
mar,0.2,1024,softimpute,0.9262857258785004,0.8767204155432553
mar,0.2,1337,knn_k10,0.8086533492067551,0.8012992724128513
mar,0.2,1337,knn_k5,0.8002595784964024,0.8020388008384027
mar,0.2,1337,softimpute,0.8761636222811792,0.8387440711855834
mar,0.2,2024,knn_k10,0.7771263527062,0.6605958321132985
mar,0.2,2024,knn_k5,0.7811094097972167,0.6614858595645783
mar,0.2,2024,softimpute,0.880183189682561,0.7225227190084663
mar,0.2,7,knn_k10,0.7958544445697098,0.7923436423537321
mar,0.2,7,knn_k5,0.7994746844977236,0.816496196056685
mar,0.2,7,softimpute,0.855148261257113,0.8204330108456792
mar,0.2,99,knn_k10,0.8294680778793546,0.7800710335734415
mar,0.2,99,knn_k5,0.8403742965492574,0.7894075905853005
mar,0.2,99,softimpute,0.8336239437951406,0.8611892850385052
mar,0.2,555,knn_k10,0.7694924686362062,0.7051621387532709
mar,0.2,555,knn_k5,0.7698001235044878,0.7054440733709024
mar,0.2,555,softimpute,0.8433811707564219,0.8321351242923313
mar,0.2,31337,knn_k10,0.7687235161918913,0.7022857162653621
mar,0.2,31337,knn_k5,0.7871732155551326,0.6902954828929698
mar,0.2,31337,softimpute,0.8978076079038214,0.7565590508656526
mar,0.25,123,knn_k10,0.8643297465993953,0.856930726063886
mar,0.25,123,knn_k5,0.8729128636997702,0.8720625862195425
mar,0.25,123,softimpute,0.88025799941594,0.905960218582151
mar,0.25,456,knn_k10,0.8558378715491503,0.7293931563393486
mar,0.25,456,knn_k5,0.8776595969576795,0.7399388153952874
mar,0.25,456,softimpute,0.9004577417270321,0.8433152672097378
mar,0.25,789,knn_k10,0.8424136874044227,0.7744067090483705
mar,0.25,789,knn_k5,0.858809927509923,0.8041514160094554
mar,0.25,789,softimpute,0.9005570436748551,0.8435709783070089
mar,0.25,1024,knn_k10,0.8089064157534345,0.746943324492613
mar,0.25,1024,knn_k5,0.8201324008472961,0.8081134006834212
mar,0.25,1024,softimpute,0.8800598438109125,0.8645498610761151
mar,0.25,1337,knn_k10,0.83723491877834,0.8176497554529829
mar,0.25,1337,knn_k5,0.850306641341639,0.8391985350390192
mar,0.25,1337,softimpute,0.8803060783753967,0.8295866792137231
mar,0.25,2024,knn_k10,0.8795112135757317,0.7778137641651107
mar,0.25,2024,knn_k5,0.8946347574699671,0.7833741086545019
mar,0.25,2024,softimpute,0.862314370417209,0.7666255310526504
mar,0.25,7,knn_k10,0.8569545013296795,0.8522554397191626
mar,0.25,7,knn_k5,0.8685964112548195,0.8449187148721505
mar,0.25,7,softimpute,0.886419926803024,0.8969883339670647
mar,0.25,99,knn_k10,0.8299703936236302,0.8804262615453768
mar,0.25,99,knn_k5,0.859828138645025,0.8930943140525435
mar,0.25,99,softimpute,0.8858818610368072,0.920193666920328
mar,0.25,555,knn_k10,0.8364840304146176,0.7846113933775613
mar,0.25,555,knn_k5,0.810382809541852,0.802137777495449
mar,0.25,555,softimpute,0.8587487499849498,0.8225162648303135
mar,0.25,31337,knn_k10,0.8296793366768701,0.7477971206169093
mar,0.25,31337,knn_k5,0.8293141222188876,0.7528374947520161
mar,0.25,31337,softimpute,0.9048588292124908,0.8029397779424188
mar,0.3,123,knn_k10,0.919789544377519,0.8897719783146034
mar,0.3,123,knn_k5,0.9352347246456416,0.8965206501188078
mar,0.3,123,softimpute,0.8699527979346638,0.9092029420446373
mar,0.3,456,knn_k10,0.8965606928620681,0.828847325439898
mar,0.3,456,knn_k5,0.907757180442168,0.8848559738468522
mar,0.3,456,softimpute,0.8843612455745367,0.8485157519857747
mar,0.3,789,knn_k10,0.9165043824037205,0.8053478592428966
mar,0.3,789,knn_k5,0.9353797875417914,0.827534038006259
mar,0.3,789,softimpute,0.8927702505994002,0.8270674009797931
mar,0.3,1024,knn_k10,0.9008152633201106,0.8683970570582972
mar,0.3,1024,knn_k5,0.9206529095593012,0.8821530956716522
mar,0.3,1024,softimpute,0.9119329374721351,0.8849594338652367
mar,0.3,1337,knn_k10,0.89184029962514,0.9183907486192728
mar,0.3,1337,knn_k5,0.8966056107516616,0.9286781150656434
mar,0.3,1337,softimpute,0.8914000760925839,0.8727389215344993
mar,0.3,2024,knn_k10,0.919263498501613,0.7945459191119858
mar,0.3,2024,knn_k5,0.9123713202350714,0.8064082401122106
mar,0.3,2024,softimpute,0.8907284592723739,0.8606856658624629
mar,0.3,7,knn_k10,0.8974784983134112,0.957941710919261
mar,0.3,7,knn_k5,0.9145994812473006,0.9761284403597053
mar,0.3,7,softimpute,0.8868299567970047,0.9321212250648425
mar,0.3,99,knn_k10,0.9149799882025177,0.9448249263422951
mar,0.3,99,knn_k5,0.9261260904123472,0.9534956362163257
mar,0.3,99,softimpute,0.8920196681721319,0.8925926274167276
mar,0.3,555,knn_k10,0.8695263147201832,0.7900698920785886
mar,0.3,555,knn_k5,0.8935278939748356,0.8102704694665281
mar,0.3,555,softimpute,0.8858411671105383,0.8476793268112165
mar,0.3,31337,knn_k10,0.8769038086664971,0.7119544474216662
mar,0.3,31337,knn_k5,0.8976940304443592,0.7320075778603852
mar,0.3,31337,softimpute,0.9117319460692666,0.842261471347219
mar,0.35,123,knn_k10,0.9528037598054017,0.9741122274589917
mar,0.35,123,knn_k5,0.9685658925199301,1.0039825126360524
mar,0.35,123,softimpute,0.9192339050527694,0.9612824786932874
mar,0.35,456,knn_k10,0.9160603299027923,0.8887626773870483
mar,0.35,456,knn_k5,0.9525182259183917,0.9114957757726632
mar,0.35,456,softimpute,0.9264915588821965,0.9071933766144664
mar,0.35,789,knn_k10,0.9590376673154065,0.8854185963430673
mar,0.35,789,knn_k5,0.9680389590318869,0.9209199871273607
mar,0.35,789,softimpute,0.9141265178417274,0.8602450348601139
mar,0.35,1024,knn_k10,0.9309119375710363,0.8343632785636512
mar,0.35,1024,knn_k5,0.9448469984669073,0.872842820415541
mar,0.35,1024,softimpute,0.9632736438507359,0.940842622914134
mar,0.35,1337,knn_k10,0.9358518721049928,0.9216916511791332
mar,0.35,1337,knn_k5,0.9574489076367528,0.9461641635321679
mar,0.35,1337,softimpute,0.9288679310713681,0.9047129209988986
mar,0.35,2024,knn_k10,0.9454980794507525,0.9392396868969828
mar,0.35,2024,knn_k5,0.9523284334776672,0.951823910144974
mar,0.35,2024,softimpute,0.9151456043112773,0.8710343257715155
mar,0.35,7,knn_k10,0.9346653282699967,0.9978967357384834
mar,0.35,7,knn_k5,0.9477529988686025,1.009721928007892
mar,0.35,7,softimpute,0.9333289133646238,0.9699510661483125
mar,0.35,99,knn_k10,0.9578704272669054,0.959317205326417
mar,0.35,99,knn_k5,0.9821671238009879,0.9754563909908892
mar,0.35,99,softimpute,0.9152819210080944,0.9132731624899185
mar,0.35,555,knn_k10,0.9081927999022499,0.8629886373544152
mar,0.35,555,knn_k5,0.9369088274531796,0.8930326129691624
mar,0.35,555,softimpute,0.9333269945869798,0.8777386101291988
mar,0.35,31337,knn_k10,0.9176462475888111,0.8948378120253623
mar,0.35,31337,knn_k5,0.9324474068953235,0.9145467787872843
mar,0.35,31337,softimpute,0.9339196976967623,0.9175331836728747
mar,0.4,123,knn_k10,0.97234943132432,0.995204699235371
mar,0.4,123,knn_k5,0.9935708396985572,1.024011341529997
mar,0.4,123,softimpute,0.9228375567330405,0.952926630009805
mar,0.4,456,knn_k10,0.9750141792834797,0.9131750654760366
mar,0.4,456,knn_k5,0.9784673942927815,0.935963200903686
mar,0.4,456,softimpute,0.9480212387593494,0.9455113401428233
mar,0.4,789,knn_k10,1.005029770889497,1.049572215582401
mar,0.4,789,knn_k5,1.0212027361733718,1.0628283460193684
mar,0.4,789,softimpute,0.9343180036390275,0.9247539595939394
mar,0.4,1024,knn_k10,1.0037395691998536,0.9646125450806252
mar,0.4,1024,knn_k5,1.0223932747653608,0.9810009365745245
mar,0.4,1024,softimpute,0.9544366547602677,0.9639519166049818
mar,0.4,1337,knn_k10,0.9867556575451949,0.9642279629092597
mar,0.4,1337,knn_k5,1.0122094362904046,0.9975983875864696
mar,0.4,1337,softimpute,0.9368269202567308,0.9519176933798023
mar,0.4,2024,knn_k10,1.0132256589567281,1.0565946750508532
mar,0.4,2024,knn_k5,1.0288406253909441,1.085649410907935
mar,0.4,2024,softimpute,0.9497007212239035,0.9914917171013282
mar,0.4,7,knn_k10,0.9279358886073585,0.9572631957153038
mar,0.4,7,knn_k5,0.9345470027389915,0.9806036717844364
mar,0.4,7,softimpute,0.9223777259887671,0.987786436875345
mar,0.4,99,knn_k10,0.9754967251926971,0.9931075652539468
mar,0.4,99,knn_k5,0.9873628725973413,1.0235244732505306
mar,0.4,99,softimpute,0.9339002478321988,0.9445758303247332
mar,0.4,555,knn_k10,0.993556912369554,1.0454606168722265
mar,0.4,555,knn_k5,1.0034105465371221,1.05344248624433
mar,0.4,555,softimpute,0.9318275040807594,0.9806630097797643
mar,0.4,31337,knn_k10,0.9694717098941226,1.0144626696374703
mar,0.4,31337,knn_k5,0.9798955253322408,1.0368442059905865
mar,0.4,31337,softimpute,0.9318962732628662,0.9441815804352003
mar,0.45,123,knn_k10,0.9935024634116293,0.9954230152339303
mar,0.45,123,knn_k5,1.0105310601540307,1.0235667099845769
mar,0.45,123,softimpute,0.940389806342306,0.9989492641808418
mar,0.45,456,knn_k10,1.0333641275761776,0.9608640857253137
mar,0.45,456,knn_k5,1.0413046862189081,0.9806616145826109
mar,0.45,456,softimpute,0.9422496635841444,0.9084245138239265
mar,0.45,789,knn_k10,1.040892524510092,1.047572418271916
mar,0.45,789,knn_k5,1.069082727001266,1.0926729860050446
mar,0.45,789,softimpute,0.9695836048043747,0.9720034096528035
mar,0.45,1024,knn_k10,0.9995280809455621,1.0426323225631369
mar,0.45,1024,knn_k5,1.0117811819937241,1.0708129284136196
mar,0.45,1024,softimpute,0.9711630835069439,1.0490492314731357
mar,0.45,1337,knn_k10,1.024367560765159,1.1108009980105435
mar,0.45,1337,knn_k5,1.044744467015987,1.140419818771371
mar,0.45,1337,softimpute,0.9314675090603762,0.9993821137589647
mar,0.45,2024,knn_k10,1.0258586529628249,1.006973763435221
mar,0.45,2024,knn_k5,1.0364439552899303,1.0135583787256088
mar,0.45,2024,softimpute,0.9369246942849851,0.9464909818529819
mar,0.45,7,knn_k10,0.9856845045793593,1.032304627602042
mar,0.45,7,knn_k5,1.0065513541264501,1.0615000344354635
mar,0.45,7,softimpute,0.9775947376765529,0.967087619243432
mar,0.45,99,knn_k10,1.025049871905328,1.0453578682198394
mar,0.45,99,knn_k5,1.046349942622587,1.0750168678688417
mar,0.45,99,softimpute,0.9440087158138205,1.0297165340134817
mar,0.45,555,knn_k10,1.0107668390408944,0.987777111265652
mar,0.45,555,knn_k5,1.0206909325409357,1.005777490487271
mar,0.45,555,softimpute,0.9627898008669784,0.9593118728741451
mar,0.45,31337,knn_k10,1.0355779099079576,0.9885334607355645
mar,0.45,31337,knn_k5,1.0515163206571612,1.0077812990899695
mar,0.45,31337,softimpute,0.9534396127795716,0.9057530156657166
mar,0.5,123,knn_k10,1.0522199528922664,1.0465357345053814
mar,0.5,123,knn_k5,1.063849737397355,1.0960689923236402
mar,0.5,123,softimpute,0.9503035234015997,0.96664686388778
mar,0.5,456,knn_k10,1.0751644800103266,1.0509685169926704
mar,0.5,456,knn_k5,1.0919431173734135,1.0672831678936527
mar,0.5,456,softimpute,0.9809004846061665,1.023825987588667
mar,0.5,789,knn_k10,1.0300296508217137,1.1179085030174045
mar,0.5,789,knn_k5,1.041245340065327,1.1256155203021592
mar,0.5,789,softimpute,0.9595217956712864,1.0139986763836808
mar,0.5,1024,knn_k10,1.0521958284149746,0.9893732202172603
mar,0.5,1024,knn_k5,1.0807318150357388,1.0065295149454592
mar,0.5,1024,softimpute,0.9972805191538894,0.9687232372958369
mar,0.5,1337,knn_k10,1.0410109214516619,1.1050395095324161
mar,0.5,1337,knn_k5,1.0599034838565409,1.1250940809720562
mar,0.5,1337,softimpute,0.9515291115267471,1.006758614563713
mar,0.5,2024,knn_k10,1.0360045437668934,1.1147126747669867
mar,0.5,2024,knn_k5,1.0608543162588122,1.1204190703601957
mar,0.5,2024,softimpute,0.9583088235170834,1.0283535589575814
mar,0.5,7,knn_k10,1.0368697419562978,1.1001844271620276
mar,0.5,7,knn_k5,1.0563544226541535,1.128746829463029
mar,0.5,7,softimpute,0.9801235796358546,0.992434587672834
mar,0.5,99,knn_k10,1.0270871541134168,1.123185069434446
mar,0.5,99,knn_k5,1.0573704813292888,1.135631288563421
mar,0.5,99,softimpute,0.964604200104082,1.043379391505087
mar,0.5,555,knn_k10,1.0426020541762158,1.0529688573932916
mar,0.5,555,knn_k5,1.064292230887992,1.0675842136565357
mar,0.5,555,softimpute,0.9692080639284216,0.936018596692259
mar,0.5,31337,knn_k10,1.0394324149718503,1.0489406673941204
mar,0.5,31337,knn_k5,1.042274140784427,1.0735256895978853
mar,0.5,31337,softimpute,0.9916574361218016,1.001923126555768
mnar,0.05,123,knn_k10,2.241069907964166,0.1981471481699586
mnar,0.05,123,knn_k5,2.8022534935318495,0.20420704444582793
mnar,0.05,123,softimpute,2.381966897991208,0.3239365783128279
mnar,0.05,456,knn_k10,1.2878771493605852,0.17468255918392228
mnar,0.05,456,knn_k5,1.2869015814906397,0.20135227916097193
mnar,0.05,456,softimpute,2.0936529917388715,0.2936109431980746
mnar,0.05,789,knn_k10,1.2873465993146795,0.16480093312843253
mnar,0.05,789,knn_k5,1.2099074569693489,0.1539918187064329
mnar,0.05,789,softimpute,2.391829627435891,0.2904930234312209
mnar,0.05,1024,knn_k10,1.4523421065373392,0.18845655789568783
mnar,0.05,1024,knn_k5,1.5022251995978486,0.17949517489909206
mnar,0.05,1024,softimpute,1.8443784449876457,0.280632652168738
mnar,0.05,1337,knn_k10,1.5353146258571635,0.19060600429666757
mnar,0.05,1337,knn_k5,1.5951250480283297,0.19692790361646348
mnar,0.05,1337,softimpute,2.410639587101778,0.28519301411134246
mnar,0.05,2024,knn_k10,1.5943982428628316,0.19259307601299325
mnar,0.05,2024,knn_k5,1.411348115334512,0.18743430340019523
mnar,0.05,2024,softimpute,2.9968875354418785,0.3207609632282656
mnar,0.05,7,knn_k10,1.2626570445082808,0.15326367889828726
mnar,0.05,7,knn_k5,1.3524257883960655,0.16551664935847982
mnar,0.05,7,softimpute,3.477489323162885,0.29538337420242233
mnar,0.05,99,knn_k10,1.671169297218273,0.18617846982339525
mnar,0.05,99,knn_k5,1.6464519995234848,0.18777373232402814
mnar,0.05,99,softimpute,2.7268810606167415,0.3804571185832547
mnar,0.05,555,knn_k10,1.3780573212008465,0.22147476687850864
mnar,0.05,555,knn_k5,1.3237461336330154,0.1932084056421118
mnar,0.05,555,softimpute,2.473875748787626,0.28253454089006225
mnar,0.05,31337,knn_k10,1.398647898515549,0.18258780444762815
mnar,0.05,31337,knn_k5,1.3243496632206622,0.17642076886816305
mnar,0.05,31337,softimpute,2.0941283405687994,0.2836824184228848
mnar,0.1,123,knn_k10,1.6510936828563407,0.21399714393519573
mnar,0.1,123,knn_k5,1.5998013221958405,0.21231604894199835
mnar,0.1,123,softimpute,2.515461493845746,0.34880238030026833
mnar,0.1,456,knn_k10,0.9640379707455689,0.25558862196877885
mnar,0.1,456,knn_k5,0.9766632890128217,0.2667668233357623
mnar,0.1,456,softimpute,2.040351167665281,0.3235642689480812
mnar,0.1,789,knn_k10,1.2044520905057567,0.2150081381317288
mnar,0.1,789,knn_k5,1.2261769999004994,0.21141336505097283
mnar,0.1,789,softimpute,2.3312572486421,0.3955963704636827
mnar,0.1,1024,knn_k10,1.3242849816284776,0.20227531721442163
mnar,0.1,1024,knn_k5,1.4204921412823284,0.20982182766783397
mnar,0.1,1024,softimpute,1.9877483984166862,0.35336819072271
mnar,0.1,1337,knn_k10,1.3334158038951593,0.21958272099464937
mnar,0.1,1337,knn_k5,1.279725420310979,0.20864128523418035
mnar,0.1,1337,softimpute,2.393568445292387,0.3229287762919395
mnar,0.1,2024,knn_k10,1.2392397883172728,0.17030959631744247
mnar,0.1,2024,knn_k5,1.2255453923479616,0.15024922392947232
mnar,0.1,2024,softimpute,2.702966820824239,0.3280078263193705
mnar,0.1,7,knn_k10,1.1825488070635526,0.16187196836992412
mnar,0.1,7,knn_k5,1.162916774734586,0.19279497645154184
mnar,0.1,7,softimpute,2.1315286815966425,0.3249672448956038
mnar,0.1,99,knn_k10,1.3977413343923222,0.21874276127854347
mnar,0.1,99,knn_k5,1.319307384962464,0.2047021106101573
mnar,0.1,99,softimpute,2.0546866006938416,0.3649686053770398
mnar,0.1,555,knn_k10,1.4812481675354707,0.21021440597508434
mnar,0.1,555,knn_k5,1.6075247648715059,0.2068323421158244
mnar,0.1,555,softimpute,2.9466476866614677,0.3772882109987905
mnar,0.1,31337,knn_k10,1.3252232555428396,0.21644093718524837
mnar,0.1,31337,knn_k5,1.340559540817369,0.21441706781323444
mnar,0.1,31337,softimpute,2.239770201452387,0.35570385766291635
mnar,0.15,123,knn_k10,1.3900764483106594,0.23386124452240653
mnar,0.15,123,knn_k5,1.6462004167142164,0.24401443331440448
mnar,0.15,123,softimpute,2.8939131219442826,0.3847078013409878
mnar,0.15,456,knn_k10,1.6555221585031186,0.28717266545732906
mnar,0.15,456,knn_k5,1.6505469803104507,0.3064202805719042
mnar,0.15,456,softimpute,2.405654821306384,0.41645359013007965
mnar,0.15,789,knn_k10,1.1952944065559743,0.19430364295318936
mnar,0.15,789,knn_k5,1.3188311534158808,0.2194416486335054
mnar,0.15,789,softimpute,2.797089492827088,0.37401299535073107
mnar,0.15,1024,knn_k10,1.1987210768923386,0.22558697199358574
mnar,0.15,1024,knn_k5,1.3215436536979852,0.23705392367962563
mnar,0.15,1024,softimpute,2.2330470909400777,0.37009142683194984
mnar,0.15,1337,knn_k10,1.3629706270448465,0.22409087027681118
mnar,0.15,1337,knn_k5,1.3735368810689068,0.2334170641049012
mnar,0.15,1337,softimpute,2.5173037322518717,0.3617254680543507
mnar,0.15,2024,knn_k10,1.2543366181702482,0.19562476322920613
mnar,0.15,2024,knn_k5,1.3652488440999435,0.2093530866944779
mnar,0.15,2024,softimpute,3.143841080417355,0.41519110247360913
mnar,0.15,7,knn_k10,1.3278305634236798,0.18800784835875634
mnar,0.15,7,knn_k5,1.406527791100593,0.21316508359545422
mnar,0.15,7,softimpute,2.818986034566433,0.3708426750457349
mnar,0.15,99,knn_k10,1.1706376045184435,0.21407851603589123
mnar,0.15,99,knn_k5,1.2280026063750435,0.22252225635102885
mnar,0.15,99,softimpute,2.234522253158681,0.36439699880319343
mnar,0.15,555,knn_k10,1.3208544917493135,0.23480920974554823
mnar,0.15,555,knn_k5,1.4177105257274114,0.23748100405307024
mnar,0.15,555,softimpute,2.788595918582991,0.3669935913732678
mnar,0.15,31337,knn_k10,1.2277507301061004,0.2519595575336093
mnar,0.15,31337,knn_k5,1.2211721837713592,0.2546371790354449
mnar,0.15,31337,softimpute,1.8347715185095028,0.3780937564318652
mnar,0.2,123,knn_k10,1.6519875216741298,0.29531839714763825
mnar,0.2,123,knn_k5,1.7621946197707483,0.3013549178167221
mnar,0.2,123,softimpute,2.802612471825676,0.4011665237575855
mnar,0.2,456,knn_k10,1.515963320500623,0.2964857744631966
mnar,0.2,456,knn_k5,1.7046070910097582,0.31270171196299457
mnar,0.2,456,softimpute,2.398326135104651,0.4546359840914356
mnar,0.2,789,knn_k10,1.645276190843329,0.3149803126478443
mnar,0.2,789,knn_k5,1.6592326090592138,0.3487710995736795
mnar,0.2,789,softimpute,2.5529126647640843,0.4208349258911898
mnar,0.2,1024,knn_k10,1.475288769655554,0.2597177604754211
mnar,0.2,1024,knn_k5,1.6837634137096147,0.323071553769003
mnar,0.2,1024,softimpute,2.3088933730036705,0.41038192803451096
mnar,0.2,1337,knn_k10,1.7969571359585546,0.4123496534148138
mnar,0.2,1337,knn_k5,1.8761128076474707,0.4631117485426304
mnar,0.2,1337,softimpute,2.5508038014979917,0.4129189072680369
mnar,0.2,2024,knn_k10,1.6297241891164442,0.2469258179447122
mnar,0.2,2024,knn_k5,1.772785081547915,0.28429998065245443
mnar,0.2,2024,softimpute,2.8276855112682266,0.4009514161465093
mnar,0.2,7,knn_k10,1.5050576660560298,0.25608919860123014
mnar,0.2,7,knn_k5,1.6084658977828972,0.2714938229462338
mnar,0.2,7,softimpute,2.816670209823636,0.3847562012423865
mnar,0.2,99,knn_k10,1.5223279183159457,0.27417638385282794
mnar,0.2,99,knn_k5,1.6006568846505425,0.2826181165730567
mnar,0.2,99,softimpute,2.573204331050963,0.40757931304286305
mnar,0.2,555,knn_k10,2.03256883834949,0.2911864879893053
mnar,0.2,555,knn_k5,2.2466440228150506,0.2938957929604685
mnar,0.2,555,softimpute,2.70004425962561,0.42591584704002805
mnar,0.2,31337,knn_k10,1.7090416344629913,0.3102216113441365
mnar,0.2,31337,knn_k5,1.8133252401040205,0.34275125144820884
mnar,0.2,31337,softimpute,1.792397273547038,0.3856862932987857
mnar,0.25,123,knn_k10,1.9527466806487697,0.40980133241379746
mnar,0.25,123,knn_k5,2.064213802379866,0.4437919542433705
mnar,0.25,123,softimpute,2.6269506053658915,0.4203591048518034
mnar,0.25,456,knn_k10,2.03054814131652,0.45813936986469284
mnar,0.25,456,knn_k5,2.0557534154529273,0.46272158713377126
mnar,0.25,456,softimpute,2.072186148805212,0.49548565379336856
mnar,0.25,789,knn_k10,1.6760222336891042,0.40365552404758315
mnar,0.25,789,knn_k5,1.8813959130774782,0.4168413815800587
mnar,0.25,789,softimpute,2.376184657573364,0.4597229928558348
mnar,0.25,1024,knn_k10,2.4518646747248836,0.3737490636012669
mnar,0.25,1024,knn_k5,2.4484048818530084,0.40930401432906227
mnar,0.25,1024,softimpute,2.388860439809528,0.4435629994446636
mnar,0.25,1337,knn_k10,1.956599794617467,0.5466297095869236
mnar,0.25,1337,knn_k5,1.9979920316379225,0.5451377086929642
mnar,0.25,1337,softimpute,2.299016289168182,0.46873257735209256
mnar,0.25,2024,knn_k10,2.2266816134074023,0.3985307215100519
mnar,0.25,2024,knn_k5,2.4252074589494153,0.45326746667713663
mnar,0.25,2024,softimpute,2.788181211520358,0.5066730611626946
mnar,0.25,7,knn_k10,1.863439377767675,0.3916861690222679
mnar,0.25,7,knn_k5,1.8978899964189595,0.4177054875029054
mnar,0.25,7,softimpute,2.0392322373742635,0.46257467983906564
mnar,0.25,99,knn_k10,1.6804684186123073,0.3630111764582492
mnar,0.25,99,knn_k5,1.7568416247854912,0.37535885874027564
mnar,0.25,99,softimpute,2.770339728034954,0.44152828829387714
mnar,0.25,555,knn_k10,1.9451726873799307,0.3314479245274704
mnar,0.25,555,knn_k5,2.023795567324406,0.36430991620110614
mnar,0.25,555,softimpute,2.589220432712418,0.4295651211325575
mnar,0.25,31337,knn_k10,2.137176735193301,0.43910903669449874
mnar,0.25,31337,knn_k5,2.245084446097726,0.447831624920669
mnar,0.25,31337,softimpute,2.010330504457685,0.46208289972571714
mnar,0.3,123,knn_k10,2.3852735022785483,0.6069470953676392
mnar,0.3,123,knn_k5,2.627349507724543,0.6194391248542778
mnar,0.3,123,softimpute,2.4762368486989743,0.505628107299906
mnar,0.3,456,knn_k10,2.4572532353728436,0.6201784364416725
mnar,0.3,456,knn_k5,2.480991207348502,0.6484462729628284
mnar,0.3,456,softimpute,2.2717416123432908,0.5372657893454154
mnar,0.3,789,knn_k10,2.8066618695820504,0.48718838907169315
mnar,0.3,789,knn_k5,3.1820127840792614,0.5589974355796115
mnar,0.3,789,softimpute,2.9983351039450463,0.5159880754170459
mnar,0.3,1024,knn_k10,2.229826580378874,0.5115041685152215
mnar,0.3,1024,knn_k5,2.4390048896305885,0.5458482920110646
mnar,0.3,1024,softimpute,2.5035748702271725,0.4954688310741121
mnar,0.3,1337,knn_k10,2.9927499538050344,0.643098785273051
mnar,0.3,1337,knn_k5,3.137330813512552,0.658449454816953
mnar,0.3,1337,softimpute,2.04748863040839,0.4888406442768078
mnar,0.3,2024,knn_k10,2.976340858468629,0.596821194292313
mnar,0.3,2024,knn_k5,3.144329193868761,0.6406947832527574
mnar,0.3,2024,softimpute,2.442470905079543,0.4718808944135192
mnar,0.3,7,knn_k10,3.8464025303834113,0.6414035829559781
mnar,0.3,7,knn_k5,4.023928680154271,0.7034208143921146
mnar,0.3,7,softimpute,2.8634676957096596,0.45985711657793416
mnar,0.3,99,knn_k10,2.3850874455999964,0.5273716886571965
mnar,0.3,99,knn_k5,2.5824086185992545,0.537694409342651
mnar,0.3,99,softimpute,2.7440182076358566,0.4849854216416598
mnar,0.3,555,knn_k10,2.609264971805435,0.5928098578211995
mnar,0.3,555,knn_k5,2.8622049358769037,0.6320318849414863
mnar,0.3,555,softimpute,2.359715619689255,0.47721424727362194
mnar,0.3,31337,knn_k10,2.631789887141001,0.44394877510257585
mnar,0.3,31337,knn_k5,2.763720200729912,0.4768652503512152
mnar,0.3,31337,softimpute,2.335983121653329,0.49451610466215845
mnar,0.35,123,knn_k10,2.728877659873465,0.679621543436973
mnar,0.35,123,knn_k5,2.838678204402173,0.7028642678521513
mnar,0.35,123,softimpute,2.1728780220548374,0.5032283755143958
mnar,0.35,456,knn_k10,2.732024450217457,0.6870595266750639
mnar,0.35,456,knn_k5,2.8813464872602923,0.7071208738482895
mnar,0.35,456,softimpute,2.327557113712093,0.5618932631719586
mnar,0.35,789,knn_k10,2.649682060388689,0.6672356257042756
mnar,0.35,789,knn_k5,2.684854677487099,0.6587824063225394
mnar,0.35,789,softimpute,2.2921288044378136,0.5521466821504937
mnar,0.35,1024,knn_k10,2.823965314480019,0.6233924243067759
mnar,0.35,1024,knn_k5,2.9619587652874007,0.6674961932114778
mnar,0.35,1024,softimpute,2.651796146888347,0.550359930673042
mnar,0.35,1337,knn_k10,2.870027518097359,0.6042456170298818
mnar,0.35,1337,knn_k5,2.9184410627668864,0.6244243246479146
mnar,0.35,1337,softimpute,2.359170571945109,0.5634038867910335
mnar,0.35,2024,knn_k10,3.649630041524094,0.699467997253928
mnar,0.35,2024,knn_k5,3.7254137802254617,0.7140139201687076
mnar,0.35,2024,softimpute,2.4871968823148953,0.5406948149956731
mnar,0.35,7,knn_k10,3.1839985428792907,0.606819698527798
mnar,0.35,7,knn_k5,3.4119991211186314,0.6600054967818256
mnar,0.35,7,softimpute,2.3970944524415447,0.5258948461929975
mnar,0.35,99,knn_k10,3.4645643173261966,0.6887075549267089
mnar,0.35,99,knn_k5,3.6950478757052023,0.7074085779129987
mnar,0.35,99,softimpute,2.77621458581436,0.5093161473453152
mnar,0.35,555,knn_k10,2.888639788100514,0.5777558161387404
mnar,0.35,555,knn_k5,2.951347914335192,0.628998707054998
mnar,0.35,555,softimpute,2.363080668460193,0.5050493986798555
mnar,0.35,31337,knn_k10,3.005779852129894,0.7291431810121394
mnar,0.35,31337,knn_k5,3.098293849439081,0.743269573631796
mnar,0.35,31337,softimpute,2.2950448558058856,0.5386631116472058
mnar,0.4,123,knn_k10,3.059619457194197,0.8748815904760774
mnar,0.4,123,knn_k5,3.4042492160732616,0.8953916336505832
mnar,0.4,123,softimpute,2.708480728849689,0.5705368959541608
mnar,0.4,456,knn_k10,3.32623368073356,0.9117608681316196
mnar,0.4,456,knn_k5,3.6038039595450417,0.9303999491155299
mnar,0.4,456,softimpute,2.4254778762321356,0.5636849252877214
mnar,0.4,789,knn_k10,3.288807561730854,0.8335120888337832
mnar,0.4,789,knn_k5,3.3175014128152176,0.8868659900059498
mnar,0.4,789,softimpute,2.3168663113515766,0.5900756447657527
mnar,0.4,1024,knn_k10,3.165456867721846,0.886986268227475
mnar,0.4,1024,knn_k5,3.249757438974565,0.939464991928175
mnar,0.4,1024,softimpute,2.1305344901761165,0.6008348029265693
mnar,0.4,1337,knn_k10,3.0136966511372276,0.8429939768434305
mnar,0.4,1337,knn_k5,3.0798930341634945,0.8828578298972486
mnar,0.4,1337,softimpute,2.2626773361935077,0.5932990017555246
mnar,0.4,2024,knn_k10,3.8505519396075676,0.9113058127732145
mnar,0.4,2024,knn_k5,3.9554204892852205,0.9141187699912514
mnar,0.4,2024,softimpute,2.278008362706828,0.5877197127852328
mnar,0.4,7,knn_k10,2.969348570545325,0.7991260158235339
mnar,0.4,7,knn_k5,3.199821613054141,0.8161651948228246
mnar,0.4,7,softimpute,2.574480258894628,0.5722110929295634
mnar,0.4,99,knn_k10,3.5172576019432062,0.835511312020898
mnar,0.4,99,knn_k5,3.6346838997701196,0.8392552496418795
mnar,0.4,99,softimpute,2.5208794135244945,0.5639122261164876
mnar,0.4,555,knn_k10,2.7253349535234292,0.8482154901690226
mnar,0.4,555,knn_k5,2.761199290058003,0.8551084491448102
mnar,0.4,555,softimpute,2.08526684846212,0.5705911087734653
mnar,0.4,31337,knn_k10,3.085938187762901,0.7612487396679591
mnar,0.4,31337,knn_k5,3.147880914062125,0.7711532704032842
mnar,0.4,31337,softimpute,2.47160949936781,0.5576903435715103
mnar,0.45,123,knn_k10,3.3560733585151725,0.9839856652676414
mnar,0.45,123,knn_k5,3.403329301947102,1.008127197852962
mnar,0.45,123,softimpute,2.281268029408271,0.639260475041386
mnar,0.45,456,knn_k10,3.2941452168660756,1.0141946159614683
mnar,0.45,456,knn_k5,3.357378481553513,1.0277561403915
mnar,0.45,456,softimpute,2.3771823038147133,0.6062330277451333
mnar,0.45,789,knn_k10,2.8553532975626434,0.8980858058637544
mnar,0.45,789,knn_k5,2.9108733818247163,0.9255282439258145
mnar,0.45,789,softimpute,2.1189540902281925,0.61625640006049
mnar,0.45,1024,knn_k10,3.0550006498701645,0.8624557310540868
mnar,0.45,1024,knn_k5,3.1790588078189552,0.8828694852947534
mnar,0.45,1024,softimpute,2.5207316064955334,0.6151690375185371
mnar,0.45,1337,knn_k10,3.441107016414877,0.9298823546761661
mnar,0.45,1337,knn_k5,3.495099489185428,0.9482390042539207
mnar,0.45,1337,softimpute,2.2063562509391947,0.6011111835145446
mnar,0.45,2024,knn_k10,2.992373617826776,0.9265999439144051
mnar,0.45,2024,knn_k5,3.0346638522301856,0.9309295080478569
mnar,0.45,2024,softimpute,2.5298706749115967,0.6365153147043235
mnar,0.45,7,knn_k10,3.2627151570239254,0.9173386746127167
mnar,0.45,7,knn_k5,3.328233154666438,0.9505765870400107
mnar,0.45,7,softimpute,2.918686124369992,0.606950035472019
mnar,0.45,99,knn_k10,3.434424624461584,0.9251249724194415
mnar,0.45,99,knn_k5,3.542442943371639,0.9462869627194987
mnar,0.45,99,softimpute,2.2029869018311192,0.5935434354446378
mnar,0.45,555,knn_k10,3.071683591880756,0.9395806525295038
mnar,0.45,555,knn_k5,3.1512037656198966,0.9543311510524979
mnar,0.45,555,softimpute,2.5657202816416618,0.5912995979531409
mnar,0.45,31337,knn_k10,2.7269174317002385,0.9067114601777613
mnar,0.45,31337,knn_k5,2.7705297538387073,0.9163775923248365
mnar,0.45,31337,softimpute,2.232071664517246,0.6540035623167945
mnar,0.5,123,knn_k10,3.133297559860166,0.8985718136027347
mnar,0.5,123,knn_k5,3.2036913422996056,0.9113395334490504
mnar,0.5,123,softimpute,2.377955286192964,0.6845581755547292
mnar,0.5,456,knn_k10,2.858384758713382,1.0287962314906656
mnar,0.5,456,knn_k5,2.892785807409627,1.0432074193883998
mnar,0.5,456,softimpute,1.8407716534977918,0.6484457605611066
mnar,0.5,789,knn_k10,2.779778877821279,0.8105188413765783
mnar,0.5,789,knn_k5,2.8951812258684,0.8242408338006295
mnar,0.5,789,softimpute,2.445704152518866,0.6553782179853183
mnar,0.5,1024,knn_k10,3.7275705007371127,1.1389266964657345
mnar,0.5,1024,knn_k5,3.820714656836409,1.1602108916744258
mnar,0.5,1024,softimpute,2.2939056778983833,0.6701090329570003
mnar,0.5,1337,knn_k10,2.8139598979228517,1.0103065049692699
mnar,0.5,1337,knn_k5,2.801743506531647,1.0355793364756005
mnar,0.5,1337,softimpute,2.0144870071175633,0.7062483156427624
mnar,0.5,2024,knn_k10,3.2449869179398108,1.069659363819035
mnar,0.5,2024,knn_k5,3.2815915833446114,1.0944129701205272
mnar,0.5,2024,softimpute,2.3079422856612473,0.6869579981700782
mnar,0.5,7,knn_k10,3.6530745595252743,0.9916899186295707
mnar,0.5,7,knn_k5,3.700584540858125,1.006928279598438
mnar,0.5,7,softimpute,2.9231319565685636,0.6874740020067622
mnar,0.5,99,knn_k10,2.966803367292207,1.0111809710066433
mnar,0.5,99,knn_k5,3.0264436621106414,1.02475642054143
mnar,0.5,99,softimpute,2.058647749562445,0.6418290147524668
mnar,0.5,555,knn_k10,3.2904401988330045,1.0542398285915264
mnar,0.5,555,knn_k5,3.340740976027157,1.0678708998713902
mnar,0.5,555,softimpute,2.7634640527051895,0.7034667678463484
mnar,0.5,31337,knn_k10,2.912912843205854,1.0148519427086982
mnar,0.5,31337,knn_k5,2.943697102472787,1.0213404578677594
mnar,0.5,31337,softimpute,1.7303831498903994,0.687011156580722
