missing_frac,seed,method,nrmse
0.05,123,knn_k10,0.9733224084949078
0.05,123,knn_k5,1.004081506280455
0.05,123,softimpute,0.9774750879277138
0.05,123,masked_nmf,1.1021408206488328
0.05,123,missforest,1.067818695453379
0.05,456,knn_k10,0.8562660101937949
0.05,456,knn_k5,0.9018380856826416
0.05,456,softimpute,0.9137098386451055
0.05,456,masked_nmf,0.9632179637223944
0.05,456,missforest,0.8565480876029127
0.05,789,knn_k10,0.961811848608707
0.05,789,knn_k5,0.9699953829083364
0.05,789,softimpute,0.9856262391430624
0.05,789,masked_nmf,1.0345012569971366
0.05,789,missforest,0.954914031103698
0.05,1024,knn_k10,0.9954235460051272
0.05,1024,knn_k5,0.9977035041801684
0.05,1024,softimpute,1.0337829300220613
0.05,1024,masked_nmf,1.0574298515409073
0.05,1024,missforest,1.0003609082722336
0.05,1337,knn_k10,0.795367469421495
0.05,1337,knn_k5,0.7672270580185679
0.05,1337,softimpute,1.0247097050902025
0.05,1337,masked_nmf,1.1098880660416823
0.05,1337,missforest,0.8742195271175834
0.05,2024,knn_k10,0.9717195789376892
0.05,2024,knn_k5,0.9762057359338688
0.05,2024,softimpute,1.0298430235921108
0.05,2024,masked_nmf,1.023116739187274
0.05,2024,missforest,0.9937562773601222
0.05,7,knn_k10,0.8866745390843271
0.05,7,knn_k5,0.8880827703462463
0.05,7,softimpute,0.985869230565618
0.05,7,masked_nmf,1.0446571369207076
0.05,7,missforest,0.9993946883737784
0.05,99,knn_k10,0.8675119421716683
0.05,99,knn_k5,0.9113585919838912
0.05,99,softimpute,1.0119109349870052
0.05,99,masked_nmf,0.9531475046866752
0.05,99,missforest,0.8791605042738527
0.05,555,knn_k10,0.9382841378399932
0.05,555,knn_k5,0.9640550433676788
0.05,555,softimpute,0.9692123400087158
0.05,555,masked_nmf,0.9698702656126816
0.05,555,missforest,0.8819389407683434
0.05,31337,knn_k10,0.9174196989944152
0.05,31337,knn_k5,0.9203223394848162
0.05,31337,softimpute,0.9349583913967653
0.05,31337,masked_nmf,1.0626744664953267
0.05,31337,missforest,0.9338298406094844
0.1,123,knn_k10,0.9416406081823776
0.1,123,knn_k5,0.9599332248046236
0.1,123,softimpute,0.9700396894244736
0.1,123,masked_nmf,1.0545758460037058
0.1,123,missforest,1.05775506984246
0.1,456,knn_k10,0.9034438791496708
0.1,456,knn_k5,0.9468680518827092
0.1,456,softimpute,0.9179623425198681
0.1,456,masked_nmf,0.98552269485206
0.1,456,missforest,0.9073008027131172
0.1,789,knn_k10,0.950468535090629
0.1,789,knn_k5,0.975420737548122
0.1,789,softimpute,0.9509441258480918
0.1,789,masked_nmf,0.9766289478571256
0.1,789,missforest,0.8467497178145895
0.1,1024,knn_k10,0.9682583189684202
0.1,1024,knn_k5,0.9711693171014092
0.1,1024,softimpute,1.0251585306432562
0.1,1024,masked_nmf,1.005290351477824
0.1,1024,missforest,0.9488994692667088
0.1,1337,knn_k10,0.9302288911875968
0.1,1337,knn_k5,0.8927407159304817
0.1,1337,softimpute,1.060157361334562
0.1,1337,masked_nmf,1.1134134515163805
0.1,1337,missforest,0.9660951276524988
0.1,2024,knn_k10,0.932775373693108
0.1,2024,knn_k5,0.993135280416777
0.1,2024,softimpute,1.0139932289701514
0.1,2024,masked_nmf,1.0072315956214326
0.1,2024,missforest,0.952321167121529
0.1,7,knn_k10,0.916613219429348
0.1,7,knn_k5,0.9972818427896932
0.1,7,softimpute,0.9715025432840491
0.1,7,masked_nmf,0.9678132526502208
0.1,7,missforest,1.0395515679885885
0.1,99,knn_k10,0.8803298233258188
0.1,99,knn_k5,0.9098638821663388
0.1,99,softimpute,0.9861070767541511
0.1,99,masked_nmf,0.94004504181156
0.1,99,missforest,0.9355449040889884
0.1,555,knn_k10,0.9477657854798788
0.1,555,knn_k5,0.9472635433821676
0.1,555,softimpute,0.9788532371208873
0.1,555,masked_nmf,0.9766761267600484
0.1,555,missforest,0.8898410009800236
0.1,31337,knn_k10,0.892828135908215
0.1,31337,knn_k5,0.8816117111228795
0.1,31337,softimpute,0.9044904293127574
0.1,31337,masked_nmf,1.057190095994756
0.1,31337,missforest,0.9491241679358988
0.15,123,knn_k10,0.9799603507024824
0.15,123,knn_k5,0.9966911361806828
0.15,123,softimpute,1.005406810804379
0.15,123,masked_nmf,1.03174350241644
0.15,123,missforest,1.0012223192353529
0.15,456,knn_k10,0.9154792419118322
0.15,456,knn_k5,0.9614088648529276
0.15,456,softimpute,0.9443448558560824
0.15,456,masked_nmf,0.9899180682541302
0.15,456,missforest,0.959051791653906
0.15,789,knn_k10,0.9267619574447624
0.15,789,knn_k5,0.9681096287079134
0.15,789,softimpute,0.9759202458972429
0.15,789,masked_nmf,0.980785649373844
0.15,789,missforest,0.9647125268699804
0.15,1024,knn_k10,0.9740913472633816
0.15,1024,knn_k5,0.9567827807656388
0.15,1024,softimpute,0.9895123235339497
0.15,1024,masked_nmf,1.0008374335012489
0.15,1024,missforest,0.9831570789896152
0.15,1337,knn_k10,0.922072997026644
0.15,1337,knn_k5,0.9597852358271074
0.15,1337,softimpute,1.1053231621016208
0.15,1337,masked_nmf,1.1304842968320974
0.15,1337,missforest,0.936612262995036
0.15,2024,knn_k10,0.9750664160095144
0.15,2024,knn_k5,1.00226019011452
0.15,2024,softimpute,1.0104874616304769
0.15,2024,masked_nmf,1.0993547412917783
0.15,2024,missforest,0.9003977599830069
0.15,7,knn_k10,0.946011034485012
0.15,7,knn_k5,0.9755608495372494
0.15,7,softimpute,0.9370764984526975
0.15,7,masked_nmf,0.9666112194083032
0.15,7,missforest,0.942932971332494
0.15,99,knn_k10,0.8978170532256758
0.15,99,knn_k5,0.9314987024317074
0.15,99,softimpute,0.9543415684350012
0.15,99,masked_nmf,0.964602608965662
0.15,99,missforest,0.9472770597192496
0.15,555,knn_k10,0.9536960913470002
0.15,555,knn_k5,0.9646795098468676
0.15,555,softimpute,0.9068270270148467
0.15,555,masked_nmf,0.9779510951727224
0.15,555,missforest,0.947210028121114
0.15,31337,knn_k10,0.9449624615646272
0.15,31337,knn_k5,0.971749509302079
0.15,31337,softimpute,0.9206807711282542
0.15,31337,masked_nmf,1.037176515583571
0.15,31337,missforest,1.0103751194636026
0.2,123,knn_k10,0.9669290733428868
0.2,123,knn_k5,0.9765129996423096
0.2,123,softimpute,1.0004433910977868
0.2,123,masked_nmf,1.0146122221517198
0.2,123,missforest,1.00176047545253
0.2,456,knn_k10,0.9551104368068866
0.2,456,knn_k5,0.9954684072664864
0.2,456,softimpute,0.9260039539742227
0.2,456,masked_nmf,0.9931819653727348
0.2,456,missforest,0.9625223146732176
0.2,789,knn_k10,0.9435993805810988
0.2,789,knn_k5,0.9577834579358266
0.2,789,softimpute,0.9831479198308165
0.2,789,masked_nmf,0.9762405113812216
0.2,789,missforest,0.919947187593836
0.2,1024,knn_k10,0.9579862291980844
0.2,1024,knn_k5,0.969564989905235
0.2,1024,softimpute,0.963310008068535
0.2,1024,masked_nmf,1.0162517312591852
0.2,1024,missforest,0.9614493996712132
0.2,1337,knn_k10,0.975646189280479
0.2,1337,knn_k5,1.0075589296441
0.2,1337,softimpute,1.0824751635005865
0.2,1337,masked_nmf,1.0568131134827865
0.2,1337,missforest,0.999073514045568
0.2,2024,knn_k10,0.960328486384632
0.2,2024,knn_k5,0.9943253566852914
0.2,2024,softimpute,1.0023624977274364
0.2,2024,masked_nmf,1.0370646459113784
0.2,2024,missforest,0.9990283228980515
0.2,7,knn_k10,0.956528938947146
0.2,7,knn_k5,1.000123214056449
0.2,7,softimpute,1.0021764509668918
0.2,7,masked_nmf,0.9685030106562844
0.2,7,missforest,1.001555717681706
0.2,99,knn_k10,0.9631671804252504
0.2,99,knn_k5,0.9771581729077468
0.2,99,softimpute,0.9458903980764923
0.2,99,masked_nmf,0.9826092059197462
0.2,99,missforest,0.954462925667108
0.2,555,knn_k10,0.9559555157669608
0.2,555,knn_k5,0.9577144905716966
0.2,555,softimpute,0.98051561889936
0.2,555,masked_nmf,0.9977257090045212
0.2,555,missforest,0.9713952404363712
0.2,31337,knn_k10,0.9488397970269032
0.2,31337,knn_k5,0.9986263462191536
0.2,31337,softimpute,0.9200630576040923
0.2,31337,masked_nmf,0.983602603361292
0.2,31337,missforest,1.0046306611744011
0.25,123,knn_k10,0.9844865944511878
0.25,123,knn_k5,1.0016800002581412
0.25,123,softimpute,1.016966939033943
0.25,123,masked_nmf,1.0087827432530476
0.25,123,missforest,0.9915302012651744
0.25,456,knn_k10,0.990602653931108
0.25,456,knn_k5,1.017737759242054
0.25,456,softimpute,0.9621884923328671
0.25,456,masked_nmf,1.0226148247634663
0.25,456,missforest,0.977610110697656
0.25,789,knn_k10,0.9784916574603564
0.25,789,knn_k5,0.9988264020701584
0.25,789,softimpute,0.9807698075430603
0.25,789,masked_nmf,1.005161663448915
0.25,789,missforest,0.9993533891755988
0.25,1024,knn_k10,0.9789524602972668
0.25,1024,knn_k5,0.984702584654081
0.25,1024,softimpute,0.9470606597935388
0.25,1024,masked_nmf,1.0020155278037666
0.25,1024,missforest,0.9718357043357732
0.25,1337,knn_k10,0.9913920663071716
0.25,1337,knn_k5,1.0190767966888623
0.25,1337,softimpute,0.9865990863555784
0.25,1337,masked_nmf,1.0354669732672106
0.25,1337,missforest,1.0164219526389595
0.25,2024,knn_k10,1.0005125393328145
0.25,2024,knn_k5,1.015772498333686
0.25,2024,softimpute,1.0019050417856854
0.25,2024,masked_nmf,1.092431831354904
0.25,2024,missforest,1.005647657759321
0.25,7,knn_k10,1.001991670876457
0.25,7,knn_k5,1.0225963612586435
0.25,7,softimpute,1.0243820465315683
0.25,7,masked_nmf,0.9671988630317896
0.25,7,missforest,1.001269742666526
0.25,99,knn_k10,0.9790847662620692
0.25,99,knn_k5,0.98308132079266
0.25,99,softimpute,0.9578280765531786
0.25,99,masked_nmf,1.0023452662100172
0.25,99,missforest,0.936179453464236
0.25,555,knn_k10,0.9651768995328972
0.25,555,knn_k5,0.980942878272216
0.25,555,softimpute,0.9801698733063255
0.25,555,masked_nmf,0.9900164213921288
0.25,555,missforest,0.9612443048357314
0.25,31337,knn_k10,0.9950514572290512
0.25,31337,knn_k5,1.0035206741059342
0.25,31337,softimpute,0.9827940941764522
0.25,31337,masked_nmf,1.021034084613344
0.25,31337,missforest,1.005028424424092
0.3,123,knn_k10,1.0289618939421887
0.3,123,knn_k5,1.0531287622978731
0.3,123,softimpute,1.0011236285738672
0.3,123,masked_nmf,1.0170803884789843
0.3,123,missforest,1.0001028730332828
0.3,456,knn_k10,1.0524053699752909
0.3,456,knn_k5,1.0743562983979442
0.3,456,softimpute,0.972111531527665
0.3,456,masked_nmf,1.036012174508704
0.3,456,missforest,1.0195202223323112
0.3,789,knn_k10,1.0032855921760124
0.3,789,knn_k5,1.0334447394245816
0.3,789,softimpute,1.00116172326171
0.3,789,masked_nmf,1.053683428635977
0.3,789,missforest,1.0041654201823151
0.3,1024,knn_k10,1.0331124349022829
0.3,1024,knn_k5,1.042930491953148
0.3,1024,softimpute,0.9711700744497199
0.3,1024,masked_nmf,1.0044038686506336
0.3,1024,missforest,0.9843993888593274
0.3,1337,knn_k10,1.0318028833318782
0.3,1337,knn_k5,1.0671211079570349
0.3,1337,softimpute,1.0005742789970251
0.3,1337,masked_nmf,1.0769205685262957
0.3,1337,missforest,1.015207959550827
0.3,2024,knn_k10,1.0108751874256008
0.3,2024,knn_k5,1.0175747960677637
0.3,2024,softimpute,1.0017564675327861
0.3,2024,masked_nmf,1.0443780172012735
0.3,2024,missforest,1.018884997359311
0.3,7,knn_k10,1.0172046348840398
0.3,7,knn_k5,1.0482129879687694
0.3,7,softimpute,0.9753579452952941
0.3,7,masked_nmf,1.0022842385275863
0.3,7,missforest,1.0019330602290433
0.3,99,knn_k10,1.0204917631191293
0.3,99,knn_k5,1.0242023286966988
0.3,99,softimpute,0.9897956618325168
0.3,99,masked_nmf,1.0095486427413844
0.3,99,missforest,0.9550161843447362
0.3,555,knn_k10,1.0204066896775814
0.3,555,knn_k5,1.041388461372065
0.3,555,softimpute,0.9920547288681194
0.3,555,masked_nmf,1.024313349374647
0.3,555,missforest,0.9978575990042126
0.3,31337,knn_k10,1.0301574178435933
0.3,31337,knn_k5,1.046809590323834
0.3,31337,softimpute,0.9934811906268678
0.3,31337,masked_nmf,1.0495298712786547
0.3,31337,missforest,1.0519976905697328
0.35,123,knn_k10,1.0342244191278112
0.35,123,knn_k5,1.0562089285609435
0.35,123,softimpute,1.03824987852807
0.35,123,masked_nmf,1.0360631276233216
0.35,123,missforest,1.0319463021144222
0.35,456,knn_k10,1.029402620371525
0.35,456,knn_k5,1.0318949091292533
0.35,456,softimpute,0.9924182541335594
0.35,456,masked_nmf,1.0666192688220966
0.35,456,missforest,1.0082494419596133
0.35,789,knn_k10,1.007307452704466
0.35,789,knn_k5,1.03103172218463
0.35,789,softimpute,0.9964269809798106
0.35,789,masked_nmf,1.0426057995979952
0.35,789,missforest,1.0016764115804313
0.35,1024,knn_k10,1.052658699402294
0.35,1024,knn_k5,1.0776678324194744
0.35,1024,softimpute,0.9832296839480167
0.35,1024,masked_nmf,1.025765169338086
0.35,1024,missforest,1.0005633743040947
0.35,1337,knn_k10,1.0679820812707714
0.35,1337,knn_k5,1.0984497023421116
0.35,1337,softimpute,1.0340612178401354
0.35,1337,masked_nmf,1.1133686092489898
0.35,1337,missforest,1.055758589750066
0.35,2024,knn_k10,1.0227872135440268
0.35,2024,knn_k5,1.0523489614979031
0.35,2024,softimpute,1.0012378069332937
0.35,2024,masked_nmf,1.0894429488454105
0.35,2024,missforest,1.0164756125905277
0.35,7,knn_k10,1.0434538956040034
0.35,7,knn_k5,1.0660601957874385
0.35,7,softimpute,1.0018382312533127
0.35,7,masked_nmf,1.065287186807319
0.35,7,missforest,1.0542261618992186
0.35,99,knn_k10,1.0204163441279288
0.35,99,knn_k5,1.0480036076071495
0.35,99,softimpute,1.0021617425288236
0.35,99,masked_nmf,1.0038304545030714
0.35,99,missforest,0.9712523697526628
0.35,555,knn_k10,1.072622140273192
0.35,555,knn_k5,1.050993845614702
0.35,555,softimpute,0.9850300194950404
0.35,555,masked_nmf,1.0615232432209671
0.35,555,missforest,0.999233059554242
0.35,31337,knn_k10,1.085174121001477
0.35,31337,knn_k5,1.1009300445797203
0.35,31337,softimpute,0.9957513084400454
0.35,31337,masked_nmf,1.0334919787042245
0.35,31337,missforest,0.975870825899346
0.4,123,knn_k10,1.1378295863196717
0.4,123,knn_k5,1.155668377138094
0.4,123,softimpute,1.01127243474743
0.4,123,masked_nmf,1.0612925150243662
0.4,123,missforest,1.0142615806604875
0.4,456,knn_k10,1.0722003839912146
0.4,456,knn_k5,1.1022348650377212
0.4,456,softimpute,0.9920900558464435
0.4,456,masked_nmf,1.0537232324846522
0.4,456,missforest,1.0506774740911644
0.4,789,knn_k10,1.0517330590042764
0.4,789,knn_k5,1.0791036791865352
0.4,789,softimpute,1.0021332508390173
0.4,789,masked_nmf,1.0115860677035355
0.4,789,missforest,0.9997990471658688
0.4,1024,knn_k10,1.1016523854471638
0.4,1024,knn_k5,1.1074930415073267
0.4,1024,softimpute,0.9886071418132971
0.4,1024,masked_nmf,1.0566868019946871
0.4,1024,missforest,1.0242744446979888
0.4,1337,knn_k10,1.118591407691619
0.4,1337,knn_k5,1.1502471620153751
0.4,1337,softimpute,1.02159752375319
0.4,1337,masked_nmf,1.1420235985649034
0.4,1337,missforest,1.282475378499314
0.4,2024,knn_k10,1.0509780945478693
0.4,2024,knn_k5,1.0706355871674915
0.4,2024,softimpute,1.0287631171321243
0.4,2024,masked_nmf,1.1254011651066351
0.4,2024,missforest,1.0218421502947603
0.4,7,knn_k10,1.0779885794868385
0.4,7,knn_k5,1.0953775433173971
0.4,7,softimpute,1.0019675114873463
0.4,7,masked_nmf,1.1149425794821366
0.4,7,missforest,1.0001585108715672
0.4,99,knn_k10,1.0586534910167262
0.4,99,knn_k5,1.0752018572899655
0.4,99,softimpute,1.0032099029859178
0.4,99,masked_nmf,1.002121725414254
0.4,99,missforest,1.014298278192922
0.4,555,knn_k10,1.0574561637894844
0.4,555,knn_k5,1.0782440005894196
0.4,555,softimpute,1.0346970596017535
0.4,555,masked_nmf,1.0283516872703515
0.4,555,missforest,1.0106742032982434
0.4,31337,knn_k10,1.0874268143014325
0.4,31337,knn_k5,1.124658011397504
0.4,31337,softimpute,1.0691870077492902
0.4,31337,masked_nmf,1.0794215284530586
0.4,31337,missforest,1.141881118207366
0.45,123,knn_k10,1.1246766919354578
0.45,123,knn_k5,1.1498016498175012
0.45,123,softimpute,1.021002877063949
0.45,123,masked_nmf,1.0858305408061235
0.45,123,missforest,1.030173718342438
0.45,456,knn_k10,1.2070512171173386
0.45,456,knn_k5,1.223021592899744
0.45,456,softimpute,1.0097534166292295
0.45,456,masked_nmf,1.070594160381351
0.45,456,missforest,1.0598147667105715
0.45,789,knn_k10,1.077461976177164
0.45,789,knn_k5,1.089823923401504
0.45,789,softimpute,1.0087629620179244
0.45,789,masked_nmf,1.0274194690879117
0.45,789,missforest,1.0029266008281328
0.45,1024,knn_k10,1.1049367058010275
0.45,1024,knn_k5,1.1168054692713518
0.45,1024,softimpute,1.0018082056856576
0.45,1024,masked_nmf,1.1620104590543312
0.45,1024,missforest,1.0208091979725118
0.45,1337,knn_k10,1.18845303395768
0.45,1337,knn_k5,1.2047897978609796
0.45,1337,softimpute,1.0702373175949838
0.45,1337,masked_nmf,1.2027829856739205
0.45,1337,missforest,1.092660777902926
0.45,2024,knn_k10,1.091927525688037
0.45,2024,knn_k5,1.1095975633745447
0.45,2024,softimpute,1.031698667480199
0.45,2024,masked_nmf,1.095719407869293
0.45,2024,missforest,1.0271796999842326
0.45,7,knn_k10,1.093071851806679
0.45,7,knn_k5,1.1033774988618263
0.45,7,softimpute,1.0185146436764696
0.45,7,masked_nmf,1.039707525730556
0.45,7,missforest,1.001514148186309
0.45,99,knn_k10,1.0641822835746515
0.45,99,knn_k5,1.0920936371122618
0.45,99,softimpute,1.0260016065674287
0.45,99,masked_nmf,1.0559302255355325
0.45,99,missforest,1.0109887472795185
0.45,555,knn_k10,1.1055780075088777
0.45,555,knn_k5,1.1113751718411191
0.45,555,softimpute,1.0389471743323058
0.45,555,masked_nmf,1.0824456926023251
0.45,555,missforest,0.9997726871822872
0.45,31337,knn_k10,1.095427255470994
0.45,31337,knn_k5,1.118127698636091
0.45,31337,softimpute,1.041861800452209
0.45,31337,masked_nmf,1.0883221480063074
0.45,31337,missforest,1.1042201770736304
0.5,123,knn_k10,1.1395722653800544
0.5,123,knn_k5,1.1584542844602974
0.5,123,softimpute,1.0613993007120346
0.5,123,masked_nmf,1.0550657868064826
0.5,123,missforest,1.026937625585777
0.5,456,knn_k10,1.1941634810130142
0.5,456,knn_k5,1.2184673530992378
0.5,456,softimpute,1.0644303775729784
0.5,456,masked_nmf,1.2041500648911292
0.5,456,missforest,1.166372744482256
0.5,789,knn_k10,1.0899108296401097
0.5,789,knn_k5,1.095068111441577
0.5,789,softimpute,1.0264800188345404
0.5,789,masked_nmf,1.107294681185229
0.5,789,missforest,1.00630777210885
0.5,1024,knn_k10,1.1684745152134717
0.5,1024,knn_k5,1.1805827503665394
0.5,1024,softimpute,1.001433826857044
0.5,1024,masked_nmf,1.331197264386459
0.5,1024,missforest,0.9997709890237064
0.5,1337,knn_k10,1.2334603846100534
0.5,1337,knn_k5,1.2469666041755758
0.5,1337,softimpute,1.1274043743202067
0.5,1337,masked_nmf,1.2625333859314334
0.5,1337,missforest,1.2110758302649598
0.5,2024,knn_k10,1.1167674700728074
0.5,2024,knn_k5,1.137108164383476
0.5,2024,softimpute,1.0243438446689193
0.5,2024,masked_nmf,1.1201328872420295
0.5,2024,missforest,1.0391945358984958
0.5,7,knn_k10,1.1166174731460643
0.5,7,knn_k5,1.1387917811431163
0.5,7,softimpute,1.0023151339100027
0.5,7,masked_nmf,1.0651535845966007
0.5,7,missforest,1.001103401975121
0.5,99,knn_k10,1.0996504004488712
0.5,99,knn_k5,1.115409013773152
0.5,99,softimpute,1.0500545533921164
0.5,99,masked_nmf,1.0349813641591226
0.5,99,missforest,1.0393516195789378
0.5,555,knn_k10,1.1529385208959255
0.5,555,knn_k5,1.1590403010478565
0.5,555,softimpute,1.0919518255607044
0.5,555,masked_nmf,1.0545945427810357
0.5,555,missforest,1.0602664762947995
0.5,31337,knn_k10,1.1427703439521657
0.5,31337,knn_k5,1.1553263645306997
0.5,31337,softimpute,1.0451038523878775
0.5,31337,masked_nmf,1.1034330842535418
0.5,31337,missforest,1.045978997559318
